listing_id,city_id,district_name,community_id,school_count,avg_school_score,premium_ratio_est
1,2,南山区,1,4,86.3,23.16
2,2,南山区,1,4,86.3,23.16
3,2,南山区,1,4,86.3,23.16
4,2,南山区,1,4,86.3,23.16
5,2,南山区,1,4,86.3,23.16
6,2,南山区,1,4,86.3,23.16
7,2,南山区,1,4,86.3,23.16
8,2,南山区,1,4,86.3,23.16
9,2,南山区,1,4,86.3,23.16
10,2,南山区,1,4,86.3,23.16
11,2,南山区,1,4,86.3,23.16
12,2,南山区,1,4,86.3,23.16
13,2,南山区,1,4,86.3,23.16
14,2,南山区,1,4,86.3,23.16
15,2,南山区,1,4,86.3,23.16
16,2,南山区,1,4,86.3,23.16
17,2,南山区,1,4,86.3,23.16
18,2,南山区,1,4,86.3,23.16
19,2,南山区,1,4,86.3,23.16
20,2,南山区,1,4,86.3,23.16
21,2,南山区,1,4,86.3,23.16
22,2,南山区,1,4,86.3,23.16
23,2,南山区,1,4,86.3,23.16
24,2,南山区,1,4,86.3,23.16
25,2,南山区,1,4,86.3,23.16
26,2,南山区,1,4,86.3,23.16
27,2,南山区,1,4,86.3,23.16
28,2,南山区,1,4,86.3,23.16
29,2,南山区,1,4,86.3,23.16
30,2,南山区,1,4,86.3,23.16
31,2,南山区,1,4,86.3,23.16
32,2,南山区,1,4,86.3,23.16
33,2,南山区,1,4,86.3,23.16
34,2,南山区,1,4,86.3,23.16
35,2,南山区,1,4,86.3,23.16
36,2,南山区,1,4,86.3,23.16
37,2,南山区,1,4,86.3,23.16
38,2,南山区,1,4,86.3,23.16
39,2,南山区,1,4,86.3,23.16
40,2,南山区,1,4,86.3,23.16
41,2,南山区,1,4,86.3,23.16
42,2,南山区,1,4,86.3,23.16
43,2,南山区,1,4,86.3,23.16
44,2,南山区,1,4,86.3,23.16
45,2,南山区,1,4,86.3,23.16
46,2,南山区,1,4,86.3,23.16
47,2,南山区,1,4,86.3,23.16
48,2,南山区,1,4,86.3,23.16
49,2,南山区,1,4,86.3,23.16
50,2,南山区,1,4,86.3,23.16
51,2,南山区,2,4,86.3,23.16
52,2,南山区,2,4,86.3,23.16
53,2,南山区,2,4,86.3,23.16
54,2,南山区,2,4,86.3,23.16
55,2,南山区,2,4,86.3,23.16
56,2,南山区,2,4,86.3,23.16
57,2,南山区,2,4,86.3,23.16
58,2,南山区,2,4,86.3,23.16
59,2,南山区,2,4,86.3,23.16
60,2,南山区,2,4,86.3,23.16
61,2,南山区,2,4,86.3,23.16
62,2,南山区,2,4,86.3,23.16
63,2,南山区,2,4,86.3,23.16
64,2,南山区,2,4,86.3,23.16
65,2,南山区,2,4,86.3,23.16
66,2,南山区,2,4,86.3,23.16
67,2,南山区,2,4,86.3,23.16
68,2,南山区,2,4,86.3,23.16
69,2,南山区,2,4,86.3,23.16
70,2,南山区,2,4,86.3,23.16
71,2,南山区,2,4,86.3,23.16
72,2,南山区,2,4,86.3,23.16
73,2,南山区,2,4,86.3,23.16
74,2,南山区,2,4,86.3,23.16
75,2,南山区,2,4,86.3,23.16
76,2,南山区,2,4,86.3,23.16
77,2,南山区,2,4,86.3,23.16
78,2,南山区,2,4,86.3,23.16
79,2,南山区,2,4,86.3,23.16
80,2,南山区,2,4,86.3,23.16
81,2,南山区,2,4,86.3,23.16
82,2,南山区,2,4,86.3,23.16
83,2,南山区,2,4,86.3,23.16
84,2,南山区,2,4,86.3,23.16
85,2,南山区,2,4,86.3,23.16
86,2,南山区,2,4,86.3,23.16
87,2,南山区,2,4,86.3,23.16
88,2,南山区,2,4,86.3,23.16
89,2,南山区,2,4,86.3,23.16
90,2,南山区,2,4,86.3,23.16
91,2,南山区,2,4,86.3,23.16
92,2,南山区,2,4,86.3,23.16
93,2,南山区,2,4,86.3,23.16
94,2,南山区,2,4,86.3,23.16
95,2,南山区,2,4,86.3,23.16
96,2,南山区,2,4,86.3,23.16
97,2,南山区,2,4,86.3,23.16
98,2,南山区,2,4,86.3,23.16
99,2,南山区,2,4,86.3,23.16
100,2,南山区,2,4,86.3,23.16
101,2,南山区,2,4,86.3,23.16
102,2,南山区,2,4,86.3,23.16
103,2,南山区,2,4,86.3,23.16
104,2,南山区,2,4,86.3,23.16
105,2,南山区,2,4,86.3,23.16
106,2,南山区,2,4,86.3,23.16
107,2,南山区,2,4,86.3,23.16
108,2,南山区,2,4,86.3,23.16
109,2,南山区,2,4,86.3,23.16
110,2,南山区,3,4,86.3,23.16
111,2,南山区,3,4,86.3,23.16
112,2,南山区,3,4,86.3,23.16
113,2,南山区,3,4,86.3,23.16
114,2,南山区,3,4,86.3,23.16
115,2,南山区,3,4,86.3,23.16
116,2,南山区,3,4,86.3,23.16
117,2,南山区,3,4,86.3,23.16
118,2,南山区,3,4,86.3,23.16
119,2,南山区,3,4,86.3,23.16
120,2,南山区,3,4,86.3,23.16
121,2,南山区,3,4,86.3,23.16
122,2,南山区,3,4,86.3,23.16
123,2,南山区,3,4,86.3,23.16
124,2,南山区,3,4,86.3,23.16
125,2,南山区,3,4,86.3,23.16
126,2,南山区,3,4,86.3,23.16
127,2,南山区,3,4,86.3,23.16
128,2,南山区,3,4,86.3,23.16
129,2,南山区,3,4,86.3,23.16
130,2,南山区,3,4,86.3,23.16
131,2,南山区,3,4,86.3,23.16
132,2,南山区,3,4,86.3,23.16
133,2,南山区,3,4,86.3,23.16
134,2,南山区,3,4,86.3,23.16
135,2,南山区,3,4,86.3,23.16
136,2,南山区,3,4,86.3,23.16
137,2,南山区,3,4,86.3,23.16
138,2,南山区,3,4,86.3,23.16
139,2,南山区,3,4,86.3,23.16
140,2,南山区,3,4,86.3,23.16
141,2,南山区,3,4,86.3,23.16
142,2,南山区,3,4,86.3,23.16
143,2,南山区,3,4,86.3,23.16
144,2,南山区,3,4,86.3,23.16
145,2,南山区,3,4,86.3,23.16
146,2,南山区,3,4,86.3,23.16
147,2,南山区,3,4,86.3,23.16
148,2,南山区,3,4,86.3,23.16
149,2,南山区,3,4,86.3,23.16
150,2,南山区,3,4,86.3,23.16
151,2,南山区,3,4,86.3,23.16
152,2,南山区,3,4,86.3,23.16
153,2,南山区,3,4,86.3,23.16
154,2,南山区,3,4,86.3,23.16
155,2,南山区,3,4,86.3,23.16
156,2,南山区,3,4,86.3,23.16
157,2,南山区,3,4,86.3,23.16
158,2,南山区,3,4,86.3,23.16
159,2,南山区,3,4,86.3,23.16
160,2,南山区,3,4,86.3,23.16
161,2,南山区,3,4,86.3,23.16
162,2,南山区,3,4,86.3,23.16
163,2,南山区,3,4,86.3,23.16
164,2,南山区,3,4,86.3,23.16
165,2,南山区,3,4,86.3,23.16
166,2,南山区,3,4,86.3,23.16
167,2,南山区,3,4,86.3,23.16
168,2,南山区,3,4,86.3,23.16
169,2,南山区,3,4,86.3,23.16
170,2,南山区,3,4,86.3,23.16
171,2,福田区,4,10,84.59,18.77
172,2,福田区,4,10,84.59,18.77
173,2,福田区,4,10,84.59,18.77
174,2,福田区,4,10,84.59,18.77
175,2,福田区,4,10,84.59,18.77
176,2,福田区,4,10,84.59,18.77
177,2,福田区,4,10,84.59,18.77
178,2,福田区,4,10,84.59,18.77
179,2,福田区,4,10,84.59,18.77
180,2,福田区,4,10,84.59,18.77
181,2,福田区,4,10,84.59,18.77
182,2,福田区,4,10,84.59,18.77
183,2,福田区,4,10,84.59,18.77
184,2,福田区,4,10,84.59,18.77
185,2,福田区,4,10,84.59,18.77
186,2,福田区,4,10,84.59,18.77
187,2,福田区,4,10,84.59,18.77
188,2,福田区,4,10,84.59,18.77
189,2,福田区,4,10,84.59,18.77
190,2,福田区,4,10,84.59,18.77
191,2,福田区,4,10,84.59,18.77
192,2,福田区,4,10,84.59,18.77
193,2,福田区,4,10,84.59,18.77
194,2,福田区,4,10,84.59,18.77
195,2,福田区,4,10,84.59,18.77
196,2,福田区,4,10,84.59,18.77
197,2,福田区,4,10,84.59,18.77
198,2,福田区,4,10,84.59,18.77
199,2,福田区,4,10,84.59,18.77
200,2,福田区,4,10,84.59,18.77
201,2,福田区,4,10,84.59,18.77
202,2,福田区,4,10,84.59,18.77
203,2,福田区,4,10,84.59,18.77
204,2,福田区,4,10,84.59,18.77
205,2,福田区,4,10,84.59,18.77
206,2,福田区,4,10,84.59,18.77
207,2,福田区,4,10,84.59,18.77
208,2,福田区,4,10,84.59,18.77
209,2,福田区,4,10,84.59,18.77
210,2,福田区,4,10,84.59,18.77
211,2,福田区,4,10,84.59,18.77
212,2,福田区,4,10,84.59,18.77
213,2,福田区,4,10,84.59,18.77
214,2,福田区,4,10,84.59,18.77
215,2,福田区,4,10,84.59,18.77
216,2,福田区,4,10,84.59,18.77
217,2,福田区,4,10,84.59,18.77
218,2,福田区,4,10,84.59,18.77
219,2,福田区,4,10,84.59,18.77
220,2,福田区,4,10,84.59,18.77
221,2,福田区,4,10,84.59,18.77
222,2,福田区,5,10,84.59,18.77
223,2,福田区,5,10,84.59,18.77
224,2,福田区,5,10,84.59,18.77
225,2,福田区,5,10,84.59,18.77
226,2,福田区,5,10,84.59,18.77
227,2,福田区,5,10,84.59,18.77
228,2,福田区,5,10,84.59,18.77
229,2,福田区,5,10,84.59,18.77
230,2,福田区,5,10,84.59,18.77
231,2,福田区,5,10,84.59,18.77
232,2,福田区,5,10,84.59,18.77
233,2,福田区,5,10,84.59,18.77
234,2,福田区,5,10,84.59,18.77
235,2,福田区,5,10,84.59,18.77
236,2,福田区,5,10,84.59,18.77
237,2,福田区,5,10,84.59,18.77
238,2,福田区,5,10,84.59,18.77
239,2,福田区,5,10,84.59,18.77
240,2,福田区,5,10,84.59,18.77
241,2,福田区,5,10,84.59,18.77
242,2,福田区,5,10,84.59,18.77
243,2,福田区,5,10,84.59,18.77
244,2,福田区,5,10,84.59,18.77
245,2,福田区,5,10,84.59,18.77
246,2,福田区,5,10,84.59,18.77
247,2,福田区,5,10,84.59,18.77
248,2,福田区,5,10,84.59,18.77
249,2,福田区,5,10,84.59,18.77
250,2,福田区,5,10,84.59,18.77
251,2,福田区,5,10,84.59,18.77
252,2,福田区,5,10,84.59,18.77
253,2,福田区,5,10,84.59,18.77
254,2,福田区,5,10,84.59,18.77
255,2,福田区,5,10,84.59,18.77
256,2,福田区,5,10,84.59,18.77
257,2,福田区,5,10,84.59,18.77
258,2,福田区,5,10,84.59,18.77
259,2,福田区,5,10,84.59,18.77
260,2,福田区,5,10,84.59,18.77
261,2,福田区,5,10,84.59,18.77
262,2,福田区,5,10,84.59,18.77
263,2,福田区,5,10,84.59,18.77
264,2,福田区,5,10,84.59,18.77
265,2,福田区,5,10,84.59,18.77
266,2,福田区,5,10,84.59,18.77
267,2,福田区,5,10,84.59,18.77
268,2,福田区,5,10,84.59,18.77
269,2,福田区,5,10,84.59,18.77
270,2,福田区,5,10,84.59,18.77
271,2,福田区,5,10,84.59,18.77
272,2,福田区,5,10,84.59,18.77
273,2,福田区,5,10,84.59,18.77
274,2,龙华区,6,4,82.72,-19.23
275,2,龙华区,6,4,82.72,-19.23
276,2,龙华区,6,4,82.72,-19.23
277,2,龙华区,6,4,82.72,-19.23
278,2,龙华区,6,4,82.72,-19.23
279,2,龙华区,6,4,82.72,-19.23
280,2,龙华区,6,4,82.72,-19.23
281,2,龙华区,6,4,82.72,-19.23
282,2,龙华区,6,4,82.72,-19.23
283,2,龙华区,6,4,82.72,-19.23
284,2,龙华区,6,4,82.72,-19.23
285,2,龙华区,6,4,82.72,-19.23
286,2,龙华区,6,4,82.72,-19.23
287,2,龙华区,6,4,82.72,-19.23
288,2,龙华区,6,4,82.72,-19.23
289,2,龙华区,6,4,82.72,-19.23
290,2,龙华区,6,4,82.72,-19.23
291,2,龙华区,6,4,82.72,-19.23
292,2,龙华区,6,4,82.72,-19.23
293,2,龙华区,6,4,82.72,-19.23
294,2,龙华区,6,4,82.72,-19.23
295,2,龙华区,6,4,82.72,-19.23
296,2,龙华区,6,4,82.72,-19.23
297,2,龙华区,6,4,82.72,-19.23
298,2,龙华区,6,4,82.72,-19.23
299,2,龙华区,6,4,82.72,-19.23
300,2,龙华区,6,4,82.72,-19.23
301,2,龙华区,6,4,82.72,-19.23
302,2,龙华区,6,4,82.72,-19.23
303,2,龙华区,6,4,82.72,-19.23
304,2,龙华区,6,4,82.72,-19.23
305,2,龙华区,6,4,82.72,-19.23
306,2,龙华区,6,4,82.72,-19.23
307,2,龙华区,6,4,82.72,-19.23
308,2,龙华区,6,4,82.72,-19.23
309,2,龙华区,6,4,82.72,-19.23
310,2,龙华区,6,4,82.72,-19.23
311,2,龙华区,6,4,82.72,-19.23
312,2,龙华区,6,4,82.72,-19.23
313,2,龙华区,6,4,82.72,-19.23
314,2,龙华区,6,4,82.72,-19.23
315,2,龙华区,6,4,82.72,-19.23
316,2,龙华区,6,4,82.72,-19.23
317,2,龙华区,6,4,82.72,-19.23
318,2,龙华区,6,4,82.72,-19.23
319,2,龙华区,6,4,82.72,-19.23
320,2,龙华区,6,4,82.72,-19.23
321,2,龙华区,6,4,82.72,-19.23
322,2,龙华区,6,4,82.72,-19.23
323,2,龙华区,6,4,82.72,-19.23
324,2,龙华区,6,4,82.72,-19.23
325,2,龙华区,6,4,82.72,-19.23
326,2,龙岗区,7,0,0.0,-33.63
327,2,龙岗区,7,0,0.0,-33.63
328,2,龙岗区,7,0,0.0,-33.63
329,2,龙岗区,7,0,0.0,-33.63
330,2,龙岗区,7,0,0.0,-33.63
331,2,龙岗区,7,0,0.0,-33.63
332,2,龙岗区,7,0,0.0,-33.63
333,2,龙岗区,7,0,0.0,-33.63
334,2,龙岗区,7,0,0.0,-33.63
335,2,龙岗区,7,0,0.0,-33.63
336,2,龙岗区,7,0,0.0,-33.63
337,2,龙岗区,7,0,0.0,-33.63
338,2,龙岗区,7,0,0.0,-33.63
339,2,龙岗区,7,0,0.0,-33.63
340,2,龙岗区,7,0,0.0,-33.63
341,2,龙岗区,7,0,0.0,-33.63
342,2,龙岗区,7,0,0.0,-33.63
343,2,龙岗区,7,0,0.0,-33.63
344,2,龙岗区,7,0,0.0,-33.63
345,2,龙岗区,7,0,0.0,-33.63
346,2,龙岗区,7,0,0.0,-33.63
347,2,龙岗区,7,0,0.0,-33.63
348,2,龙岗区,7,0,0.0,-33.63
349,2,龙岗区,7,0,0.0,-33.63
350,2,龙岗区,7,0,0.0,-33.63
351,2,龙岗区,7,0,0.0,-33.63
352,2,龙岗区,7,0,0.0,-33.63
353,2,龙岗区,7,0,0.0,-33.63
354,2,龙岗区,7,0,0.0,-33.63
355,2,龙岗区,7,0,0.0,-33.63
356,2,龙岗区,7,0,0.0,-33.63
357,2,龙岗区,7,0,0.0,-33.63
358,2,龙岗区,7,0,0.0,-33.63
359,2,龙岗区,7,0,0.0,-33.63
360,2,龙岗区,7,0,0.0,-33.63
361,2,龙岗区,7,0,0.0,-33.63
362,2,龙岗区,7,0,0.0,-33.63
363,2,龙岗区,7,0,0.0,-33.63
364,2,龙岗区,7,0,0.0,-33.63
365,2,龙岗区,7,0,0.0,-33.63
366,2,龙岗区,7,0,0.0,-33.63
367,2,龙岗区,7,0,0.0,-33.63
368,2,龙岗区,7,0,0.0,-33.63
369,2,龙岗区,7,0,0.0,-33.63
370,2,龙岗区,7,0,0.0,-33.63
371,2,龙岗区,7,0,0.0,-33.63
372,2,龙岗区,7,0,0.0,-33.63
373,2,龙岗区,7,0,0.0,-33.63
374,2,龙岗区,7,0,0.0,-33.63
375,2,龙岗区,8,0,0.0,-33.63
376,2,龙岗区,8,0,0.0,-33.63
377,2,龙岗区,8,0,0.0,-33.63
378,2,龙岗区,8,0,0.0,-33.63
379,2,龙岗区,8,0,0.0,-33.63
380,2,龙岗区,8,0,0.0,-33.63
381,2,龙岗区,8,0,0.0,-33.63
382,2,龙岗区,8,0,0.0,-33.63
383,2,龙岗区,8,0,0.0,-33.63
384,2,龙岗区,8,0,0.0,-33.63
385,2,龙岗区,8,0,0.0,-33.63
386,2,龙岗区,8,0,0.0,-33.63
387,2,龙岗区,8,0,0.0,-33.63
388,2,龙岗区,8,0,0.0,-33.63
389,2,龙岗区,8,0,0.0,-33.63
390,2,龙岗区,8,0,0.0,-33.63
391,2,龙岗区,8,0,0.0,-33.63
392,2,龙岗区,8,0,0.0,-33.63
393,2,龙岗区,8,0,0.0,-33.63
394,2,龙岗区,8,0,0.0,-33.63
395,2,龙岗区,8,0,0.0,-33.63
396,2,龙岗区,8,0,0.0,-33.63
397,2,龙岗区,8,0,0.0,-33.63
398,2,龙岗区,8,0,0.0,-33.63
399,2,龙岗区,8,0,0.0,-33.63
400,2,龙岗区,8,0,0.0,-33.63
401,2,龙岗区,8,0,0.0,-33.63
402,2,龙岗区,8,0,0.0,-33.63
403,2,龙岗区,8,0,0.0,-33.63
404,2,龙岗区,8,0,0.0,-33.63
405,2,龙岗区,8,0,0.0,-33.63
406,2,龙岗区,8,0,0.0,-33.63
407,2,龙岗区,8,0,0.0,-33.63
408,2,龙岗区,8,0,0.0,-33.63
409,2,龙岗区,8,0,0.0,-33.63
410,2,龙岗区,8,0,0.0,-33.63
411,2,龙岗区,8,0,0.0,-33.63
412,2,龙岗区,8,0,0.0,-33.63
413,2,龙岗区,8,0,0.0,-33.63
414,2,龙岗区,8,0,0.0,-33.63
415,2,龙岗区,8,0,0.0,-33.63
416,2,龙岗区,8,0,0.0,-33.63
417,2,龙岗区,8,0,0.0,-33.63
418,2,龙岗区,8,0,0.0,-33.63
419,2,龙岗区,8,0,0.0,-33.63
420,2,龙岗区,8,0,0.0,-33.63
421,2,龙岗区,8,0,0.0,-33.63
422,2,龙岗区,8,0,0.0,-33.63
423,2,龙岗区,8,0,0.0,-33.63
424,2,龙岗区,8,0,0.0,-33.63
425,2,龙岗区,8,0,0.0,-33.63
426,2,龙岗区,8,0,0.0,-33.63
427,2,龙岗区,8,0,0.0,-33.63
428,2,龙岗区,8,0,0.0,-33.63
429,2,龙岗区,8,0,0.0,-33.63
430,2,龙岗区,8,0,0.0,-33.63
431,2,龙岗区,8,0,0.0,-33.63
432,2,福田区,9,10,84.59,18.77
433,2,福田区,9,10,84.59,18.77
434,2,福田区,9,10,84.59,18.77
435,2,福田区,9,10,84.59,18.77
436,2,福田区,9,10,84.59,18.77
437,2,福田区,9,10,84.59,18.77
438,2,福田区,9,10,84.59,18.77
439,2,福田区,9,10,84.59,18.77
440,2,福田区,9,10,84.59,18.77
441,2,福田区,9,10,84.59,18.77
442,2,福田区,9,10,84.59,18.77
443,2,福田区,9,10,84.59,18.77
444,2,福田区,9,10,84.59,18.77
445,2,福田区,9,10,84.59,18.77
446,2,福田区,9,10,84.59,18.77
447,2,福田区,9,10,84.59,18.77
448,2,福田区,9,10,84.59,18.77
449,2,福田区,9,10,84.59,18.77
450,2,福田区,9,10,84.59,18.77
451,2,福田区,9,10,84.59,18.77
452,2,福田区,9,10,84.59,18.77
453,2,福田区,9,10,84.59,18.77
454,2,福田区,9,10,84.59,18.77
455,2,福田区,9,10,84.59,18.77
456,2,福田区,9,10,84.59,18.77
457,2,福田区,9,10,84.59,18.77
458,2,福田区,9,10,84.59,18.77
459,2,福田区,9,10,84.59,18.77
460,2,福田区,9,10,84.59,18.77
461,2,福田区,9,10,84.59,18.77
462,2,福田区,9,10,84.59,18.77
463,2,福田区,9,10,84.59,18.77
464,2,福田区,9,10,84.59,18.77
465,2,福田区,9,10,84.59,18.77
466,2,福田区,9,10,84.59,18.77
467,2,福田区,9,10,84.59,18.77
468,2,福田区,9,10,84.59,18.77
469,2,福田区,9,10,84.59,18.77
470,2,福田区,9,10,84.59,18.77
471,2,福田区,9,10,84.59,18.77
472,2,福田区,9,10,84.59,18.77
473,2,福田区,9,10,84.59,18.77
474,2,福田区,9,10,84.59,18.77
475,2,福田区,9,10,84.59,18.77
476,2,福田区,9,10,84.59,18.77
477,2,福田区,9,10,84.59,18.77
478,2,福田区,9,10,84.59,18.77
479,2,福田区,9,10,84.59,18.77
480,2,福田区,9,10,84.59,18.77
481,2,福田区,9,10,84.59,18.77
482,2,福田区,9,10,84.59,18.77
483,2,福田区,10,10,84.59,18.77
484,2,福田区,10,10,84.59,18.77
485,2,福田区,10,10,84.59,18.77
486,2,福田区,10,10,84.59,18.77
487,2,福田区,10,10,84.59,18.77
488,2,福田区,10,10,84.59,18.77
489,2,福田区,10,10,84.59,18.77
490,2,福田区,10,10,84.59,18.77
491,2,福田区,10,10,84.59,18.77
492,2,福田区,10,10,84.59,18.77
493,2,福田区,10,10,84.59,18.77
494,2,福田区,10,10,84.59,18.77
495,2,福田区,10,10,84.59,18.77
496,2,福田区,10,10,84.59,18.77
497,2,福田区,10,10,84.59,18.77
498,2,福田区,10,10,84.59,18.77
499,2,福田区,10,10,84.59,18.77
500,2,福田区,10,10,84.59,18.77
501,2,福田区,10,10,84.59,18.77
502,2,福田区,10,10,84.59,18.77
503,2,福田区,10,10,84.59,18.77
504,2,福田区,10,10,84.59,18.77
505,2,福田区,10,10,84.59,18.77
506,2,福田区,10,10,84.59,18.77
507,2,福田区,10,10,84.59,18.77
508,2,福田区,10,10,84.59,18.77
509,2,福田区,10,10,84.59,18.77
510,2,福田区,10,10,84.59,18.77
511,2,福田区,10,10,84.59,18.77
512,2,福田区,10,10,84.59,18.77
513,2,福田区,10,10,84.59,18.77
514,2,福田区,10,10,84.59,18.77
515,2,福田区,10,10,84.59,18.77
516,2,福田区,10,10,84.59,18.77
517,2,福田区,10,10,84.59,18.77
518,2,福田区,10,10,84.59,18.77
519,2,福田区,10,10,84.59,18.77
520,2,福田区,10,10,84.59,18.77
521,2,福田区,10,10,84.59,18.77
522,2,福田区,10,10,84.59,18.77
523,2,福田区,10,10,84.59,18.77
524,2,福田区,10,10,84.59,18.77
525,2,福田区,10,10,84.59,18.77
526,2,福田区,10,10,84.59,18.77
527,2,福田区,10,10,84.59,18.77
528,2,福田区,10,10,84.59,18.77
529,2,福田区,10,10,84.59,18.77
530,2,福田区,10,10,84.59,18.77
531,1,天河区,11,3,86.03,27.34
532,1,天河区,11,3,86.03,27.34
533,1,天河区,11,3,86.03,27.34
534,1,天河区,11,3,86.03,27.34
535,1,天河区,11,3,86.03,27.34
536,1,天河区,11,3,86.03,27.34
537,1,天河区,11,3,86.03,27.34
538,1,天河区,11,3,86.03,27.34
539,1,天河区,11,3,86.03,27.34
540,1,天河区,11,3,86.03,27.34
541,1,天河区,11,3,86.03,27.34
542,1,天河区,11,3,86.03,27.34
543,1,天河区,11,3,86.03,27.34
544,1,天河区,11,3,86.03,27.34
545,1,天河区,11,3,86.03,27.34
546,1,天河区,11,3,86.03,27.34
547,1,天河区,11,3,86.03,27.34
548,1,天河区,11,3,86.03,27.34
549,1,天河区,11,3,86.03,27.34
550,1,天河区,11,3,86.03,27.34
551,1,天河区,11,3,86.03,27.34
552,1,天河区,11,3,86.03,27.34
553,1,天河区,11,3,86.03,27.34
554,1,天河区,11,3,86.03,27.34
555,1,天河区,11,3,86.03,27.34
556,1,天河区,11,3,86.03,27.34
557,1,天河区,11,3,86.03,27.34
558,1,天河区,11,3,86.03,27.34
559,1,天河区,11,3,86.03,27.34
560,1,天河区,11,3,86.03,27.34
561,1,天河区,11,3,86.03,27.34
562,1,天河区,11,3,86.03,27.34
563,1,天河区,11,3,86.03,27.34
564,1,天河区,11,3,86.03,27.34
565,1,天河区,11,3,86.03,27.34
566,1,天河区,11,3,86.03,27.34
567,1,天河区,11,3,86.03,27.34
568,1,天河区,11,3,86.03,27.34
569,1,天河区,11,3,86.03,27.34
570,1,天河区,11,3,86.03,27.34
571,1,天河区,11,3,86.03,27.34
572,1,天河区,11,3,86.03,27.34
573,1,天河区,11,3,86.03,27.34
574,1,天河区,11,3,86.03,27.34
575,1,天河区,11,3,86.03,27.34
576,1,天河区,11,3,86.03,27.34
577,1,天河区,11,3,86.03,27.34
578,1,天河区,11,3,86.03,27.34
579,1,天河区,11,3,86.03,27.34
580,1,天河区,11,3,86.03,27.34
581,1,天河区,11,3,86.03,27.34
582,1,天河区,11,3,86.03,27.34
583,1,天河区,11,3,86.03,27.34
584,1,天河区,11,3,86.03,27.34
585,1,天河区,11,3,86.03,27.34
586,1,天河区,11,3,86.03,27.34
587,1,天河区,12,3,86.03,27.34
588,1,天河区,12,3,86.03,27.34
589,1,天河区,12,3,86.03,27.34
590,1,天河区,12,3,86.03,27.34
591,1,天河区,12,3,86.03,27.34
592,1,天河区,12,3,86.03,27.34
593,1,天河区,12,3,86.03,27.34
594,1,天河区,12,3,86.03,27.34
595,1,天河区,12,3,86.03,27.34
596,1,天河区,12,3,86.03,27.34
597,1,天河区,12,3,86.03,27.34
598,1,天河区,12,3,86.03,27.34
599,1,天河区,12,3,86.03,27.34
600,1,天河区,12,3,86.03,27.34
601,1,天河区,12,3,86.03,27.34
602,1,天河区,12,3,86.03,27.34
603,1,天河区,12,3,86.03,27.34
604,1,天河区,12,3,86.03,27.34
605,1,天河区,12,3,86.03,27.34
606,1,天河区,12,3,86.03,27.34
607,1,天河区,12,3,86.03,27.34
608,1,天河区,12,3,86.03,27.34
609,1,天河区,12,3,86.03,27.34
610,1,天河区,12,3,86.03,27.34
611,1,天河区,12,3,86.03,27.34
612,1,天河区,12,3,86.03,27.34
613,1,天河区,12,3,86.03,27.34
614,1,天河区,12,3,86.03,27.34
615,1,天河区,12,3,86.03,27.34
616,1,天河区,12,3,86.03,27.34
617,1,天河区,12,3,86.03,27.34
618,1,天河区,12,3,86.03,27.34
619,1,天河区,12,3,86.03,27.34
620,1,天河区,12,3,86.03,27.34
621,1,天河区,12,3,86.03,27.34
622,1,天河区,12,3,86.03,27.34
623,1,天河区,12,3,86.03,27.34
624,1,天河区,12,3,86.03,27.34
625,1,天河区,12,3,86.03,27.34
626,1,天河区,12,3,86.03,27.34
627,1,天河区,12,3,86.03,27.34
628,1,天河区,12,3,86.03,27.34
629,1,天河区,12,3,86.03,27.34
630,1,天河区,12,3,86.03,27.34
631,1,天河区,12,3,86.03,27.34
632,1,天河区,12,3,86.03,27.34
633,1,天河区,12,3,86.03,27.34
634,1,天河区,12,3,86.03,27.34
635,1,天河区,12,3,86.03,27.34
636,1,天河区,12,3,86.03,27.34
637,1,天河区,12,3,86.03,27.34
638,1,天河区,12,3,86.03,27.34
639,1,天河区,12,3,86.03,27.34
640,1,天河区,12,3,86.03,27.34
641,1,天河区,12,3,86.03,27.34
642,1,越秀区,13,5,85.22,3.06
643,1,越秀区,13,5,85.22,3.06
644,1,越秀区,13,5,85.22,3.06
645,1,越秀区,13,5,85.22,3.06
646,1,越秀区,13,5,85.22,3.06
647,1,越秀区,13,5,85.22,3.06
648,1,越秀区,13,5,85.22,3.06
649,1,越秀区,13,5,85.22,3.06
650,1,越秀区,13,5,85.22,3.06
651,1,越秀区,13,5,85.22,3.06
652,1,越秀区,13,5,85.22,3.06
653,1,越秀区,13,5,85.22,3.06
654,1,越秀区,13,5,85.22,3.06
655,1,越秀区,13,5,85.22,3.06
656,1,越秀区,13,5,85.22,3.06
657,1,越秀区,13,5,85.22,3.06
658,1,越秀区,13,5,85.22,3.06
659,1,越秀区,13,5,85.22,3.06
660,1,越秀区,13,5,85.22,3.06
661,1,越秀区,13,5,85.22,3.06
662,1,越秀区,13,5,85.22,3.06
663,1,越秀区,13,5,85.22,3.06
664,1,越秀区,13,5,85.22,3.06
665,1,越秀区,13,5,85.22,3.06
666,1,越秀区,13,5,85.22,3.06
667,1,越秀区,13,5,85.22,3.06
668,1,越秀区,13,5,85.22,3.06
669,1,越秀区,13,5,85.22,3.06
670,1,越秀区,13,5,85.22,3.06
671,1,越秀区,13,5,85.22,3.06
672,1,越秀区,13,5,85.22,3.06
673,1,越秀区,13,5,85.22,3.06
674,1,越秀区,13,5,85.22,3.06
675,1,越秀区,13,5,85.22,3.06
676,1,越秀区,13,5,85.22,3.06
677,1,越秀区,13,5,85.22,3.06
678,1,越秀区,13,5,85.22,3.06
679,1,越秀区,13,5,85.22,3.06
680,1,越秀区,13,5,85.22,3.06
681,1,越秀区,13,5,85.22,3.06
682,1,越秀区,13,5,85.22,3.06
683,1,越秀区,13,5,85.22,3.06
684,1,越秀区,13,5,85.22,3.06
685,1,越秀区,13,5,85.22,3.06
686,1,越秀区,13,5,85.22,3.06
687,1,越秀区,13,5,85.22,3.06
688,1,越秀区,13,5,85.22,3.06
689,1,越秀区,13,5,85.22,3.06
690,1,越秀区,13,5,85.22,3.06
691,1,越秀区,13,5,85.22,3.06
692,1,越秀区,13,5,85.22,3.06
693,1,越秀区,13,5,85.22,3.06
694,1,越秀区,13,5,85.22,3.06
695,1,越秀区,13,5,85.22,3.06
696,1,越秀区,13,5,85.22,3.06
697,1,越秀区,13,5,85.22,3.06
698,1,越秀区,13,5,85.22,3.06
699,1,越秀区,14,5,85.22,3.06
700,1,越秀区,14,5,85.22,3.06
701,1,越秀区,14,5,85.22,3.06
702,1,越秀区,14,5,85.22,3.06
703,1,越秀区,14,5,85.22,3.06
704,1,越秀区,14,5,85.22,3.06
705,1,越秀区,14,5,85.22,3.06
706,1,越秀区,14,5,85.22,3.06
707,1,越秀区,14,5,85.22,3.06
708,1,越秀区,14,5,85.22,3.06
709,1,越秀区,14,5,85.22,3.06
710,1,越秀区,14,5,85.22,3.06
711,1,越秀区,14,5,85.22,3.06
712,1,越秀区,14,5,85.22,3.06
713,1,越秀区,14,5,85.22,3.06
714,1,越秀区,14,5,85.22,3.06
715,1,越秀区,14,5,85.22,3.06
716,1,越秀区,14,5,85.22,3.06
717,1,越秀区,14,5,85.22,3.06
718,1,越秀区,14,5,85.22,3.06
719,1,越秀区,14,5,85.22,3.06
720,1,越秀区,14,5,85.22,3.06
721,1,越秀区,14,5,85.22,3.06
722,1,越秀区,14,5,85.22,3.06
723,1,越秀区,14,5,85.22,3.06
724,1,越秀区,14,5,85.22,3.06
725,1,越秀区,14,5,85.22,3.06
726,1,越秀区,14,5,85.22,3.06
727,1,越秀区,14,5,85.22,3.06
728,1,越秀区,14,5,85.22,3.06
729,1,越秀区,14,5,85.22,3.06
730,1,越秀区,14,5,85.22,3.06
731,1,越秀区,14,5,85.22,3.06
732,1,越秀区,14,5,85.22,3.06
733,1,越秀区,14,5,85.22,3.06
734,1,越秀区,14,5,85.22,3.06
735,1,越秀区,14,5,85.22,3.06
736,1,越秀区,14,5,85.22,3.06
737,1,越秀区,14,5,85.22,3.06
738,1,越秀区,14,5,85.22,3.06
739,1,越秀区,14,5,85.22,3.06
740,1,越秀区,14,5,85.22,3.06
741,1,越秀区,14,5,85.22,3.06
742,1,越秀区,14,5,85.22,3.06
743,1,越秀区,14,5,85.22,3.06
744,1,越秀区,14,5,85.22,3.06
745,1,海珠区,15,1,85.8,-5.03
746,1,海珠区,15,1,85.8,-5.03
747,1,海珠区,15,1,85.8,-5.03
748,1,海珠区,15,1,85.8,-5.03
749,1,海珠区,15,1,85.8,-5.03
750,1,海珠区,15,1,85.8,-5.03
751,1,海珠区,15,1,85.8,-5.03
752,1,海珠区,15,1,85.8,-5.03
753,1,海珠区,15,1,85.8,-5.03
754,1,海珠区,15,1,85.8,-5.03
755,1,海珠区,15,1,85.8,-5.03
756,1,海珠区,15,1,85.8,-5.03
757,1,海珠区,15,1,85.8,-5.03
758,1,海珠区,15,1,85.8,-5.03
759,1,海珠区,15,1,85.8,-5.03
760,1,海珠区,15,1,85.8,-5.03
761,1,海珠区,15,1,85.8,-5.03
762,1,海珠区,15,1,85.8,-5.03
763,1,海珠区,15,1,85.8,-5.03
764,1,海珠区,15,1,85.8,-5.03
765,1,海珠区,15,1,85.8,-5.03
766,1,海珠区,15,1,85.8,-5.03
767,1,海珠区,15,1,85.8,-5.03
768,1,海珠区,15,1,85.8,-5.03
769,1,海珠区,15,1,85.8,-5.03
770,1,海珠区,15,1,85.8,-5.03
771,1,海珠区,15,1,85.8,-5.03
772,1,海珠区,15,1,85.8,-5.03
773,1,海珠区,15,1,85.8,-5.03
774,1,海珠区,15,1,85.8,-5.03
775,1,海珠区,15,1,85.8,-5.03
776,1,海珠区,15,1,85.8,-5.03
777,1,海珠区,15,1,85.8,-5.03
778,1,海珠区,15,1,85.8,-5.03
779,1,海珠区,15,1,85.8,-5.03
780,1,海珠区,15,1,85.8,-5.03
781,1,海珠区,15,1,85.8,-5.03
782,1,海珠区,15,1,85.8,-5.03
783,1,海珠区,15,1,85.8,-5.03
784,1,海珠区,15,1,85.8,-5.03
785,1,海珠区,15,1,85.8,-5.03
786,1,海珠区,15,1,85.8,-5.03
787,1,海珠区,15,1,85.8,-5.03
788,1,海珠区,15,1,85.8,-5.03
789,1,海珠区,15,1,85.8,-5.03
790,1,海珠区,15,1,85.8,-5.03
791,1,海珠区,15,1,85.8,-5.03
792,1,海珠区,15,1,85.8,-5.03
793,1,海珠区,15,1,85.8,-5.03
794,1,海珠区,15,1,85.8,-5.03
795,1,海珠区,15,1,85.8,-5.03
796,1,海珠区,15,1,85.8,-5.03
797,1,海珠区,15,1,85.8,-5.03
798,1,海珠区,15,1,85.8,-5.03
799,1,海珠区,15,1,85.8,-5.03
800,1,海珠区,15,1,85.8,-5.03
801,1,海珠区,15,1,85.8,-5.03
802,1,海珠区,15,1,85.8,-5.03
803,1,海珠区,15,1,85.8,-5.03
804,1,海珠区,16,1,85.8,-5.03
805,1,海珠区,16,1,85.8,-5.03
806,1,海珠区,16,1,85.8,-5.03
807,1,海珠区,16,1,85.8,-5.03
808,1,海珠区,16,1,85.8,-5.03
809,1,海珠区,16,1,85.8,-5.03
810,1,海珠区,16,1,85.8,-5.03
811,1,海珠区,16,1,85.8,-5.03
812,1,海珠区,16,1,85.8,-5.03
813,1,海珠区,16,1,85.8,-5.03
814,1,海珠区,16,1,85.8,-5.03
815,1,海珠区,16,1,85.8,-5.03
816,1,海珠区,16,1,85.8,-5.03
817,1,海珠区,16,1,85.8,-5.03
818,1,海珠区,16,1,85.8,-5.03
819,1,海珠区,16,1,85.8,-5.03
820,1,海珠区,16,1,85.8,-5.03
821,1,海珠区,16,1,85.8,-5.03
822,1,海珠区,16,1,85.8,-5.03
823,1,海珠区,16,1,85.8,-5.03
824,1,海珠区,16,1,85.8,-5.03
825,1,海珠区,16,1,85.8,-5.03
826,1,海珠区,16,1,85.8,-5.03
827,1,海珠区,16,1,85.8,-5.03
828,1,海珠区,16,1,85.8,-5.03
829,1,海珠区,16,1,85.8,-5.03
830,1,海珠区,16,1,85.8,-5.03
831,1,海珠区,16,1,85.8,-5.03
832,1,海珠区,16,1,85.8,-5.03
833,1,海珠区,16,1,85.8,-5.03
834,1,海珠区,16,1,85.8,-5.03
835,1,海珠区,16,1,85.8,-5.03
836,1,海珠区,16,1,85.8,-5.03
837,1,海珠区,16,1,85.8,-5.03
838,1,海珠区,16,1,85.8,-5.03
839,1,海珠区,16,1,85.8,-5.03
840,1,海珠区,16,1,85.8,-5.03
841,1,海珠区,16,1,85.8,-5.03
842,1,海珠区,16,1,85.8,-5.03
843,1,海珠区,16,1,85.8,-5.03
844,1,海珠区,16,1,85.8,-5.03
845,1,海珠区,16,1,85.8,-5.03
846,1,海珠区,16,1,85.8,-5.03
847,1,海珠区,16,1,85.8,-5.03
848,1,海珠区,16,1,85.8,-5.03
849,1,海珠区,16,1,85.8,-5.03
850,1,海珠区,16,1,85.8,-5.03
851,1,海珠区,16,1,85.8,-5.03
852,1,海珠区,16,1,85.8,-5.03
853,1,海珠区,16,1,85.8,-5.03
854,1,海珠区,16,1,85.8,-5.03
855,1,海珠区,16,1,85.8,-5.03
856,1,海珠区,16,1,85.8,-5.03
857,1,海珠区,16,1,85.8,-5.03
858,1,番禺区,17,3,82.6,-37.78
859,1,番禺区,17,3,82.6,-37.78
860,1,番禺区,17,3,82.6,-37.78
861,1,番禺区,17,3,82.6,-37.78
862,1,番禺区,17,3,82.6,-37.78
863,1,番禺区,17,3,82.6,-37.78
864,1,番禺区,17,3,82.6,-37.78
865,1,番禺区,17,3,82.6,-37.78
866,1,番禺区,17,3,82.6,-37.78
867,1,番禺区,17,3,82.6,-37.78
868,1,番禺区,17,3,82.6,-37.78
869,1,番禺区,17,3,82.6,-37.78
870,1,番禺区,17,3,82.6,-37.78
871,1,番禺区,17,3,82.6,-37.78
872,1,番禺区,17,3,82.6,-37.78
873,1,番禺区,17,3,82.6,-37.78
874,1,番禺区,17,3,82.6,-37.78
875,1,番禺区,17,3,82.6,-37.78
876,1,番禺区,17,3,82.6,-37.78
877,1,番禺区,17,3,82.6,-37.78
878,1,番禺区,17,3,82.6,-37.78
879,1,番禺区,17,3,82.6,-37.78
880,1,番禺区,17,3,82.6,-37.78
881,1,番禺区,17,3,82.6,-37.78
882,1,番禺区,17,3,82.6,-37.78
883,1,番禺区,17,3,82.6,-37.78
884,1,番禺区,17,3,82.6,-37.78
885,1,番禺区,17,3,82.6,-37.78
886,1,番禺区,17,3,82.6,-37.78
887,1,番禺区,17,3,82.6,-37.78
888,1,番禺区,17,3,82.6,-37.78
889,1,番禺区,17,3,82.6,-37.78
890,1,番禺区,17,3,82.6,-37.78
891,1,番禺区,17,3,82.6,-37.78
892,1,番禺区,17,3,82.6,-37.78
893,1,番禺区,17,3,82.6,-37.78
894,1,番禺区,17,3,82.6,-37.78
895,1,番禺区,17,3,82.6,-37.78
896,1,番禺区,17,3,82.6,-37.78
897,1,番禺区,17,3,82.6,-37.78
898,1,番禺区,17,3,82.6,-37.78
899,1,番禺区,17,3,82.6,-37.78
900,1,番禺区,17,3,82.6,-37.78
901,1,番禺区,17,3,82.6,-37.78
902,1,番禺区,17,3,82.6,-37.78
903,1,番禺区,17,3,82.6,-37.78
904,1,番禺区,17,3,82.6,-37.78
905,1,番禺区,17,3,82.6,-37.78
906,1,番禺区,17,3,82.6,-37.78
907,1,番禺区,17,3,82.6,-37.78
908,1,番禺区,17,3,82.6,-37.78
909,1,番禺区,17,3,82.6,-37.78
910,1,番禺区,18,3,82.6,-37.78
911,1,番禺区,18,3,82.6,-37.78
912,1,番禺区,18,3,82.6,-37.78
913,1,番禺区,18,3,82.6,-37.78
914,1,番禺区,18,3,82.6,-37.78
915,1,番禺区,18,3,82.6,-37.78
916,1,番禺区,18,3,82.6,-37.78
917,1,番禺区,18,3,82.6,-37.78
918,1,番禺区,18,3,82.6,-37.78
919,1,番禺区,18,3,82.6,-37.78
920,1,番禺区,18,3,82.6,-37.78
921,1,番禺区,18,3,82.6,-37.78
922,1,番禺区,18,3,82.6,-37.78
923,1,番禺区,18,3,82.6,-37.78
924,1,番禺区,18,3,82.6,-37.78
925,1,番禺区,18,3,82.6,-37.78
926,1,番禺区,18,3,82.6,-37.78
927,1,番禺区,18,3,82.6,-37.78
928,1,番禺区,18,3,82.6,-37.78
929,1,番禺区,18,3,82.6,-37.78
930,1,番禺区,18,3,82.6,-37.78
931,1,番禺区,18,3,82.6,-37.78
932,1,番禺区,18,3,82.6,-37.78
933,1,番禺区,18,3,82.6,-37.78
934,1,番禺区,18,3,82.6,-37.78
935,1,番禺区,18,3,82.6,-37.78
936,1,番禺区,18,3,82.6,-37.78
937,1,番禺区,18,3,82.6,-37.78
938,1,番禺区,18,3,82.6,-37.78
939,1,番禺区,18,3,82.6,-37.78
940,1,番禺区,18,3,82.6,-37.78
941,1,番禺区,18,3,82.6,-37.78
942,1,番禺区,18,3,82.6,-37.78
943,1,番禺区,18,3,82.6,-37.78
944,1,番禺区,18,3,82.6,-37.78
945,1,番禺区,18,3,82.6,-37.78
946,1,番禺区,18,3,82.6,-37.78
947,1,番禺区,18,3,82.6,-37.78
948,1,番禺区,18,3,82.6,-37.78
949,1,番禺区,18,3,82.6,-37.78
950,1,番禺区,18,3,82.6,-37.78
951,1,番禺区,18,3,82.6,-37.78
952,1,番禺区,18,3,82.6,-37.78
953,1,番禺区,18,3,82.6,-37.78
954,1,番禺区,18,3,82.6,-37.78
955,1,番禺区,18,3,82.6,-37.78
956,1,番禺区,18,3,82.6,-37.78
957,1,番禺区,18,3,82.6,-37.78
958,1,番禺区,18,3,82.6,-37.78
959,1,番禺区,18,3,82.6,-37.78
960,1,番禺区,18,3,82.6,-37.78
961,1,番禺区,18,3,82.6,-37.78
962,3,香洲区,19,6,81.87,14.21
963,3,香洲区,19,6,81.87,14.21
964,3,香洲区,19,6,81.87,14.21
965,3,香洲区,19,6,81.87,14.21
966,3,香洲区,19,6,81.87,14.21
967,3,香洲区,19,6,81.87,14.21
968,3,香洲区,19,6,81.87,14.21
969,3,香洲区,19,6,81.87,14.21
970,3,香洲区,19,6,81.87,14.21
971,3,香洲区,19,6,81.87,14.21
972,3,香洲区,19,6,81.87,14.21
973,3,香洲区,19,6,81.87,14.21
974,3,香洲区,19,6,81.87,14.21
975,3,香洲区,19,6,81.87,14.21
976,3,香洲区,19,6,81.87,14.21
977,3,香洲区,19,6,81.87,14.21
978,3,香洲区,19,6,81.87,14.21
979,3,香洲区,19,6,81.87,14.21
980,3,香洲区,19,6,81.87,14.21
981,3,香洲区,19,6,81.87,14.21
982,3,香洲区,19,6,81.87,14.21
983,3,香洲区,19,6,81.87,14.21
984,3,香洲区,19,6,81.87,14.21
985,3,香洲区,19,6,81.87,14.21
986,3,香洲区,19,6,81.87,14.21
987,3,香洲区,19,6,81.87,14.21
988,3,香洲区,19,6,81.87,14.21
989,3,香洲区,19,6,81.87,14.21
990,3,香洲区,19,6,81.87,14.21
991,3,香洲区,19,6,81.87,14.21
992,3,香洲区,19,6,81.87,14.21
993,3,香洲区,19,6,81.87,14.21
994,3,香洲区,19,6,81.87,14.21
995,3,香洲区,19,6,81.87,14.21
996,3,香洲区,19,6,81.87,14.21
997,3,香洲区,19,6,81.87,14.21
998,3,香洲区,19,6,81.87,14.21
999,3,香洲区,19,6,81.87,14.21
1000,3,香洲区,19,6,81.87,14.21
1001,3,香洲区,19,6,81.87,14.21
1002,3,香洲区,19,6,81.87,14.21
1003,3,香洲区,19,6,81.87,14.21
1004,3,香洲区,19,6,81.87,14.21
1005,3,香洲区,19,6,81.87,14.21
1006,3,香洲区,20,6,81.87,14.21
1007,3,香洲区,20,6,81.87,14.21
1008,3,香洲区,20,6,81.87,14.21
1009,3,香洲区,20,6,81.87,14.21
1010,3,香洲区,20,6,81.87,14.21
1011,3,香洲区,20,6,81.87,14.21
1012,3,香洲区,20,6,81.87,14.21
1013,3,香洲区,20,6,81.87,14.21
1014,3,香洲区,20,6,81.87,14.21
1015,3,香洲区,20,6,81.87,14.21
1016,3,香洲区,20,6,81.87,14.21
1017,3,香洲区,20,6,81.87,14.21
1018,3,香洲区,20,6,81.87,14.21
1019,3,香洲区,20,6,81.87,14.21
1020,3,香洲区,20,6,81.87,14.21
1021,3,香洲区,20,6,81.87,14.21
1022,3,香洲区,20,6,81.87,14.21
1023,3,香洲区,20,6,81.87,14.21
1024,3,香洲区,20,6,81.87,14.21
1025,3,香洲区,20,6,81.87,14.21
1026,3,香洲区,20,6,81.87,14.21
1027,3,香洲区,20,6,81.87,14.21
1028,3,香洲区,20,6,81.87,14.21
1029,3,香洲区,20,6,81.87,14.21
1030,3,香洲区,20,6,81.87,14.21
1031,3,香洲区,20,6,81.87,14.21
1032,3,香洲区,20,6,81.87,14.21
1033,3,香洲区,20,6,81.87,14.21
1034,3,香洲区,20,6,81.87,14.21
1035,3,香洲区,20,6,81.87,14.21
1036,3,香洲区,20,6,81.87,14.21
1037,3,香洲区,20,6,81.87,14.21
1038,3,香洲区,20,6,81.87,14.21
1039,3,香洲区,20,6,81.87,14.21
1040,3,香洲区,20,6,81.87,14.21
1041,3,香洲区,20,6,81.87,14.21
1042,3,香洲区,20,6,81.87,14.21
1043,3,香洲区,20,6,81.87,14.21
1044,3,香洲区,20,6,81.87,14.21
1045,3,香洲区,20,6,81.87,14.21
1046,3,香洲区,20,6,81.87,14.21
1047,3,香洲区,20,6,81.87,14.21
1048,3,香洲区,20,6,81.87,14.21
1049,3,香洲区,20,6,81.87,14.21
1050,3,香洲区,20,6,81.87,14.21
1051,3,香洲区,20,6,81.87,14.21
1052,3,香洲区,20,6,81.87,14.21
1053,3,香洲区,20,6,81.87,14.21
1054,3,香洲区,20,6,81.87,14.21
1055,3,香洲区,20,6,81.87,14.21
1056,3,香洲区,20,6,81.87,14.21
1057,3,香洲区,20,6,81.87,14.21
1058,3,香洲区,20,6,81.87,14.21
1059,3,香洲区,20,6,81.87,14.21
1060,3,香洲区,20,6,81.87,14.21
1061,3,香洲区,20,6,81.87,14.21
1062,3,斗门区,21,1,72.1,-41.64
1063,3,斗门区,21,1,72.1,-41.64
1064,3,斗门区,21,1,72.1,-41.64
1065,3,斗门区,21,1,72.1,-41.64
1066,3,斗门区,21,1,72.1,-41.64
1067,3,斗门区,21,1,72.1,-41.64
1068,3,斗门区,21,1,72.1,-41.64
1069,3,斗门区,21,1,72.1,-41.64
1070,3,斗门区,21,1,72.1,-41.64
1071,3,斗门区,21,1,72.1,-41.64
1072,3,斗门区,21,1,72.1,-41.64
1073,3,斗门区,21,1,72.1,-41.64
1074,3,斗门区,21,1,72.1,-41.64
1075,3,斗门区,21,1,72.1,-41.64
1076,3,斗门区,21,1,72.1,-41.64
1077,3,斗门区,21,1,72.1,-41.64
1078,3,斗门区,21,1,72.1,-41.64
1079,3,斗门区,21,1,72.1,-41.64
1080,3,斗门区,21,1,72.1,-41.64
1081,3,斗门区,21,1,72.1,-41.64
1082,3,斗门区,21,1,72.1,-41.64
1083,3,斗门区,21,1,72.1,-41.64
1084,3,斗门区,21,1,72.1,-41.64
1085,3,斗门区,21,1,72.1,-41.64
1086,3,斗门区,21,1,72.1,-41.64
1087,3,斗门区,21,1,72.1,-41.64
1088,3,斗门区,21,1,72.1,-41.64
1089,3,斗门区,21,1,72.1,-41.64
1090,3,斗门区,21,1,72.1,-41.64
1091,3,斗门区,21,1,72.1,-41.64
1092,3,斗门区,21,1,72.1,-41.64
1093,3,斗门区,21,1,72.1,-41.64
1094,3,斗门区,21,1,72.1,-41.64
1095,3,斗门区,21,1,72.1,-41.64
1096,3,斗门区,21,1,72.1,-41.64
1097,3,斗门区,21,1,72.1,-41.64
1098,3,斗门区,21,1,72.1,-41.64
1099,3,斗门区,21,1,72.1,-41.64
1100,3,斗门区,21,1,72.1,-41.64
1101,3,斗门区,21,1,72.1,-41.64
1102,3,斗门区,21,1,72.1,-41.64
1103,3,斗门区,21,1,72.1,-41.64
1104,3,斗门区,21,1,72.1,-41.64
1105,3,斗门区,21,1,72.1,-41.64
1106,3,斗门区,21,1,72.1,-41.64
1107,3,斗门区,21,1,72.1,-41.64
1108,3,斗门区,21,1,72.1,-41.64
1109,3,斗门区,21,1,72.1,-41.64
1110,3,斗门区,21,1,72.1,-41.64
1111,3,斗门区,21,1,72.1,-41.64
1112,3,斗门区,21,1,72.1,-41.64
1113,3,斗门区,21,1,72.1,-41.64
1114,3,斗门区,21,1,72.1,-41.64
1115,3,斗门区,21,1,72.1,-41.64
1116,3,斗门区,21,1,72.1,-41.64
1117,3,斗门区,21,1,72.1,-41.64
1118,3,斗门区,21,1,72.1,-41.64
1119,3,斗门区,21,1,72.1,-41.64
1120,3,斗门区,21,1,72.1,-41.64
1121,3,斗门区,22,1,72.1,-41.64
1122,3,斗门区,22,1,72.1,-41.64
1123,3,斗门区,22,1,72.1,-41.64
1124,3,斗门区,22,1,72.1,-41.64
1125,3,斗门区,22,1,72.1,-41.64
1126,3,斗门区,22,1,72.1,-41.64
1127,3,斗门区,22,1,72.1,-41.64
1128,3,斗门区,22,1,72.1,-41.64
1129,3,斗门区,22,1,72.1,-41.64
1130,3,斗门区,22,1,72.1,-41.64
1131,3,斗门区,22,1,72.1,-41.64
1132,3,斗门区,22,1,72.1,-41.64
1133,3,斗门区,22,1,72.1,-41.64
1134,3,斗门区,22,1,72.1,-41.64
1135,3,斗门区,22,1,72.1,-41.64
1136,3,斗门区,22,1,72.1,-41.64
1137,3,斗门区,22,1,72.1,-41.64
1138,3,斗门区,22,1,72.1,-41.64
1139,3,斗门区,22,1,72.1,-41.64
1140,3,斗门区,22,1,72.1,-41.64
1141,3,斗门区,22,1,72.1,-41.64
1142,3,斗门区,22,1,72.1,-41.64
1143,3,斗门区,22,1,72.1,-41.64
1144,3,斗门区,22,1,72.1,-41.64
1145,3,斗门区,22,1,72.1,-41.64
1146,3,斗门区,22,1,72.1,-41.64
1147,3,斗门区,22,1,72.1,-41.64
1148,3,斗门区,22,1,72.1,-41.64
1149,3,斗门区,22,1,72.1,-41.64
1150,3,斗门区,22,1,72.1,-41.64
1151,3,斗门区,22,1,72.1,-41.64
1152,3,斗门区,22,1,72.1,-41.64
1153,3,斗门区,22,1,72.1,-41.64
1154,3,斗门区,22,1,72.1,-41.64
1155,3,斗门区,22,1,72.1,-41.64
1156,3,斗门区,22,1,72.1,-41.64
1157,3,斗门区,22,1,72.1,-41.64
1158,3,斗门区,22,1,72.1,-41.64
1159,3,斗门区,22,1,72.1,-41.64
1160,3,斗门区,22,1,72.1,-41.64
1161,3,斗门区,22,1,72.1,-41.64
1162,3,斗门区,22,1,72.1,-41.64
1163,3,斗门区,22,1,72.1,-41.64
1164,3,斗门区,22,1,72.1,-41.64
1165,3,斗门区,22,1,72.1,-41.64
1166,3,斗门区,22,1,72.1,-41.64
1167,3,斗门区,22,1,72.1,-41.64
1168,3,斗门区,22,1,72.1,-41.64
1169,3,斗门区,22,1,72.1,-41.64
1170,3,斗门区,22,1,72.1,-41.64
1171,3,斗门区,22,1,72.1,-41.64
1172,3,斗门区,22,1,72.1,-41.64
1173,3,斗门区,22,1,72.1,-41.64
1174,3,香洲区,23,6,81.87,14.21
1175,3,香洲区,23,6,81.87,14.21
1176,3,香洲区,23,6,81.87,14.21
1177,3,香洲区,23,6,81.87,14.21
1178,3,香洲区,23,6,81.87,14.21
1179,3,香洲区,23,6,81.87,14.21
1180,3,香洲区,23,6,81.87,14.21
1181,3,香洲区,23,6,81.87,14.21
1182,3,香洲区,23,6,81.87,14.21
1183,3,香洲区,23,6,81.87,14.21
1184,3,香洲区,23,6,81.87,14.21
1185,3,香洲区,23,6,81.87,14.21
1186,3,香洲区,23,6,81.87,14.21
1187,3,香洲区,23,6,81.87,14.21
1188,3,香洲区,23,6,81.87,14.21
1189,3,香洲区,23,6,81.87,14.21
1190,3,香洲区,23,6,81.87,14.21
1191,3,香洲区,23,6,81.87,14.21
1192,3,香洲区,23,6,81.87,14.21
1193,3,香洲区,23,6,81.87,14.21
1194,3,香洲区,23,6,81.87,14.21
1195,3,香洲区,23,6,81.87,14.21
1196,3,香洲区,23,6,81.87,14.21
1197,3,香洲区,23,6,81.87,14.21
1198,3,香洲区,23,6,81.87,14.21
1199,3,香洲区,23,6,81.87,14.21
1200,3,香洲区,23,6,81.87,14.21
1201,3,香洲区,23,6,81.87,14.21
1202,3,香洲区,23,6,81.87,14.21
1203,3,香洲区,23,6,81.87,14.21
1204,3,香洲区,23,6,81.87,14.21
1205,3,香洲区,23,6,81.87,14.21
1206,3,香洲区,23,6,81.87,14.21
1207,3,香洲区,23,6,81.87,14.21
1208,3,香洲区,23,6,81.87,14.21
1209,3,香洲区,23,6,81.87,14.21
1210,3,香洲区,23,6,81.87,14.21
1211,3,香洲区,23,6,81.87,14.21
1212,3,香洲区,23,6,81.87,14.21
1213,3,香洲区,23,6,81.87,14.21
1214,3,香洲区,23,6,81.87,14.21
1215,3,香洲区,23,6,81.87,14.21
1216,3,香洲区,23,6,81.87,14.21
1217,3,香洲区,23,6,81.87,14.21
1218,3,香洲区,23,6,81.87,14.21
1219,3,香洲区,23,6,81.87,14.21
1220,3,香洲区,23,6,81.87,14.21
1221,3,香洲区,23,6,81.87,14.21
1222,3,香洲区,23,6,81.87,14.21
1223,3,香洲区,23,6,81.87,14.21
1224,3,香洲区,23,6,81.87,14.21
1225,3,香洲区,23,6,81.87,14.21
1226,3,香洲区,23,6,81.87,14.21
1227,2,南山区,1,4,86.3,23.16
1228,2,南山区,2,4,86.3,23.16
1229,2,南山区,3,4,86.3,23.16
1230,2,福田区,4,10,84.59,18.77
1231,2,福田区,5,10,84.59,18.77
1232,2,龙华区,6,4,82.72,-19.23
1233,2,龙岗区,7,0,0.0,-33.63
1234,2,龙岗区,8,0,0.0,-33.63
1235,2,福田区,9,10,84.59,18.77
1236,2,福田区,10,10,84.59,18.77
1237,2,福田区,24,10,84.59,18.77
1238,2,龙岗区,25,0,0.0,-33.63
1239,2,盐田区,31,0,0.0,-50.27
1240,2,龙岗区,26,0,0.0,-33.63
1241,2,宝安区,27,3,73.3,-35.42
1242,2,龙岗区,28,0,0.0,-33.63
1243,2,罗湖区,29,6,90.27,-46.28
1244,2,坪山区,30,0,0.0,-35.98
1245,2,盐田区,31,0,0.0,-50.27
1246,2,罗湖区,32,6,90.27,-46.28
1247,2,福田区,33,10,84.59,18.77
1248,2,大鹏新区,34,2,79.4,-38.46
1249,2,罗湖区,35,6,90.27,-46.28
1250,2,龙华区,36,4,82.72,-19.23
1251,2,坪山区,43,0,0.0,-35.98
1252,2,龙华区,37,4,82.72,-19.23
1253,2,龙华区,38,4,82.72,-19.23
1254,2,龙岗区,39,0,0.0,-33.63
1255,2,福田区,40,10,84.59,18.77
1256,2,南山区,41,4,86.3,23.16
1257,2,福田区,42,10,84.59,18.77
1258,2,坪山区,43,0,0.0,-35.98
1259,2,龙岗区,44,0,0.0,-33.63
1260,2,福田区,45,10,84.59,18.77
1261,2,福田区,46,10,84.59,18.77
1262,2,福田区,47,10,84.59,18.77
1263,2,龙岗区,48,0,0.0,-33.63
1264,2,罗湖区,49,6,90.27,-46.28
1265,2,福田区,50,10,84.59,18.77
1266,2,罗湖区,51,6,90.27,-46.28
1267,2,罗湖区,52,6,90.27,-46.28
1268,2,南山区,1,4,86.3,23.16
1269,2,南山区,2,4,86.3,23.16
1270,2,南山区,3,4,86.3,23.16
1271,2,福田区,4,10,84.59,18.77
1272,2,福田区,5,10,84.59,18.77
1273,2,龙华区,6,4,82.72,-19.23
1274,2,龙岗区,7,0,0.0,-33.63
1275,2,龙岗区,8,0,0.0,-33.63
1276,2,福田区,9,10,84.59,18.77
1277,2,福田区,10,10,84.59,18.77
1278,2,福田区,24,10,84.59,18.77
1279,2,龙岗区,25,0,0.0,-33.63
1280,2,龙岗区,26,0,0.0,-33.63
1281,2,宝安区,27,3,73.3,-35.42
1282,2,龙岗区,44,0,0.0,-33.63
1283,2,龙岗区,28,0,0.0,-33.63
1284,2,罗湖区,29,6,90.27,-46.28
1285,2,坪山区,30,0,0.0,-35.98
1286,2,盐田区,31,0,0.0,-50.27
