date,forex_usd_yi,imf_usd_yi,sdr_usd_yi,gold_usd_yi,gold_oz_wan,other_usd_yi,total_usd_yi,source_url
2026-06-01,34162.6,109.81,551.42,3037.24,7544,2.09,37863.2,https://www.safe.gov.cn/safe/2026/0206/27116.html
2026-05-01,34422.4,111.85,560.34,3407.52,7496,3.77,38505.9,https://www.safe.gov.cn/safe/2026/0206/27116.html
2026-04-01,34105.5,109.38,560.33,3441.72,7464,0.27,38217.2,https://www.safe.gov.cn/safe/2026/0206/27116.html
2026-03-01,33421.2,109.03,553.43,3427.63,7438,-0.09,37511.2,https://www.safe.gov.cn/safe/2026/0206/27116.html
2026-02-01,34278.1,111.4,560.93,3875.88,7422,0.65,38826.9,https://www.safe.gov.cn/safe/2026/0206/27116.html
2026-01-01,33990.8,111.98,562.34,3695.82,7419,1.89,38362.8,https://www.safe.gov.cn/safe/2026/0206/27116.html
2025-12-01,33578.7,111.79,558.24,3194.5,7415,-0.15,37443.1,https://www.safe.gov.cn/safe/2025/0206/27115.html
2025-11-01,33463.7,110.59,557.16,3106.47,7412,-1.43,37236.5,https://www.safe.gov.cn/safe/2025/0206/27115.html
2025-10-01,33433.4,110.58,555.62,2972.09,7409,-3.28,37068.4,https://www.safe.gov.cn/safe/2025/0206/27115.html
2025-09-01,33386.6,112.29,561.14,2832.91,7406,-3.53,36889.4,https://www.safe.gov.cn/safe/2025/0206/27115.html
2025-08-01,33221.5,113.4,560.13,2538.43,7402,-2.01,36431.5,https://www.safe.gov.cn/safe/2025/0206/27115.html
2025-07-01,32922.3,109.28,552.69,2439.85,7396,-3.47,36020.7,https://www.safe.gov.cn/safe/2025/0206/27115.html
2025-06-01,33174.2,112.86,559.3,2429.31,7390,-4.88,36270.8,https://www.safe.gov.cn/safe/2025/0206/27115.html
2025-05-01,32852.6,113.03,552.18,2419.88,7383,-3,35934.6,https://www.safe.gov.cn/safe/2025/0206/27115.html
2025-04-01,32816.6,111.86,550.51,2435.85,7377,-1.57,35913.3,https://www.safe.gov.cn/safe/2025/0206/27115.html
2025-03-01,32406.7,101.12,538.82,2295.94,7370,-3.6,35338.9,https://www.safe.gov.cn/safe/2025/0206/27115.html
2025-02-01,32272.2,100.87,530.77,2086.43,7361,-4.73,34985.6,https://www.safe.gov.cn/safe/2025/0206/27115.html
2025-01-01,32090.4,100.48,527.12,2065.34,7345,-3.23,34780.1,https://www.safe.gov.cn/safe/2025/0206/27115.html
2024-12-01,32023.6,97.58,526.88,1913.37,7329,-5.82,34555.6,https://www.safe.gov.cn/safe/2022/0207/23934.html
2024-11-01,32658.6,98.32,533.03,1934.31,7296,-7.85,35216.4,https://www.safe.gov.cn/safe/2022/0207/23934.html
2024-10-01,32610.5,99.64,538.6,1990.55,7280,-13.98,35225.3,https://www.safe.gov.cn/safe/2022/0207/23934.html
2024-09-01,33163.7,101.49,548.64,1914.69,7280,-10.46,35718,https://www.safe.gov.cn/safe/2022/0207/23934.html
2024-08-01,32882.2,99.82,547.22,1829.8,7280,-9.02,35350,https://www.safe.gov.cn/safe/2022/0207/23934.html
2024-07-01,32563.7,98.47,536.49,1766.42,7280,-11.74,34953.4,https://www.safe.gov.cn/safe/2022/0207/23934.html
2024-06-01,32223.6,97.5,531.64,1696.97,7280,-11.16,34538.5,https://www.safe.gov.cn/safe/2022/0207/23934.html
2024-05-01,32320.4,98.11,534.73,1709.6,7280,-8.95,34653.9,https://www.safe.gov.cn/safe/2022/0207/23934.html
2024-04-01,32008.3,97.69,530.7,1679.57,7280,-7.34,34308.9,https://www.safe.gov.cn/safe/2022/0207/23934.html
2024-03-01,32456.6,98.45,532.03,1610.69,7274,-3.37,34694.4,https://www.safe.gov.cn/safe/2022/0207/23934.html
2024-02-01,32258.2,98.72,533.69,1486.44,7258,-1.94,34375.1,https://www.safe.gov.cn/safe/2022/0207/23934.html
2024-01-01,32193.2,98.89,532.96,1482.29,7219,3.36,34310.7,https://www.safe.gov.cn/safe/2022/0207/23934.html
2023-12-01,32379.8,97.47,535.96,1482.26,7187,1.45,34496.9,https://www.safe.gov.cn/safe/2022/0207/20625.html
2023-11-01,31718.1,96.86,532.35,1457.01,7158,-0.19,33804.1,https://www.safe.gov.cn/safe/2022/0207/20625.html
2023-10-01,31012.2,95.82,523.14,1421.71,7120,-2.21,33050.7,https://www.safe.gov.cn/safe/2022/0207/20625.html
2023-09-01,31150.7,95.88,523.4,1317.88,7046,-3.22,33084.7,https://www.safe.gov.cn/safe/2022/0207/20625.html
2023-08-01,31601,96.97,529.28,1352.24,6962,-0.66,33578.8,https://www.safe.gov.cn/safe/2022/0207/20625.html
2023-07-01,32042.7,81.21,528.73,1353.6,6869,1.01,34007.2,https://www.safe.gov.cn/safe/2022/0207/20625.html
2023-06-01,31930,97.01,521.14,1299.34,6795,1.05,33848.5,https://www.safe.gov.cn/safe/2022/0207/20625.html
2023-05-01,31765.1,107.73,519.72,1321.52,6727,4.18,33718.2,https://www.safe.gov.cn/safe/2022/0207/20625.html
2023-04-01,32047.7,109.32,525.42,1323.53,6676,1.88,34007.8,https://www.safe.gov.cn/safe/2022/0207/20625.html
2023-03-01,31838.7,109.15,524.69,1316.53,6650,0.92,33790,https://www.safe.gov.cn/safe/2022/0207/20625.html
2023-02-01,31331.5,108.22,516.22,1202.83,6592,0.32,33159.1,https://www.safe.gov.cn/safe/2022/0207/20625.html
2023-01-01,31844.6,109.82,519.71,1252.83,6512,-2.04,33724.9,https://www.safe.gov.cn/safe/2022/0207/20625.html
2022-12-01,31276.9,108.39,511.59,1172.35,6464,-3.95,33065.3,https://www.safe.gov.cn/safe/2022/0207/22233.html
2022-11-01,31174.9,107.08,505.13,1116.5,6367,-4.27,32899.3,https://www.safe.gov.cn/safe/2022/0207/22233.html
2022-10-01,30524.3,104.51,503.4,1026.73,6264,-4.76,32154.2,https://www.safe.gov.cn/safe/2022/0207/22233.html
2022-09-01,30289.5,99.56,504.54,1047.24,6264,-5.11,31935.8,https://www.safe.gov.cn/safe/2022/0207/22233.html
2022-08-01,30548.8,101.69,512.93,1074.9,6264,-0.71,32237.6,https://www.safe.gov.cn/safe/2022/0207/22233.html
2022-07-01,31040.7,101.12,518.11,1098.39,6264,-3.43,32754.9,https://www.safe.gov.cn/safe/2022/0207/22233.html
2022-06-01,30712.7,99.62,519.54,1138.23,6264,-4.17,32466,https://www.safe.gov.cn/safe/2022/0207/22233.html
2022-05-01,31277.8,101.26,524.98,1151.83,6264,-1.69,33054.2,https://www.safe.gov.cn/safe/2022/0207/22233.html
2022-04-01,31197.2,100.48,522.71,1197.31,6264,-5.74,33012,https://www.safe.gov.cn/safe/2022/0207/22233.html
2022-03-01,31879.9,104.71,531.6,1216.63,6264,-1.3,33731.6,https://www.safe.gov.cn/safe/2022/0207/22233.html
2022-02-01,32138.3,106.47,536.31,1196.4,6264,-3.51,33973.9,https://www.safe.gov.cn/safe/2022/0207/22233.html
2022-01-01,32216.3,106.29,535.09,1124.61,6264,0.1,33982.4,https://www.safe.gov.cn/safe/2022/0207/22233.html
2021-12-01,32501.7,106.89,530.65,1131.25,6264,-1.37,34269.1,https://www.safe.gov.cn/safe/2021/0202/18181.html
2021-11-01,32223.9,106.98,530.56,1130.34,6264,-2.47,33989.3,https://www.safe.gov.cn/safe/2021/0202/18181.html
2021-10-01,32176.1,105.26,535.96,1108.26,6264,-3.33,33922.3,https://www.safe.gov.cn/safe/2021/0202/18181.html
2021-09-01,32006.3,101,533.38,1091.75,6264,-2.23,33730.2,https://www.safe.gov.cn/safe/2021/0202/18181.html
2021-08-01,32321.2,102.82,529.14,1136.89,6264,-2.65,34087.4,https://www.safe.gov.cn/safe/2021/0202/18181.html
2021-07-01,32358.9,103.21,114.46,1143.72,6264,-4.21,33716.1,https://www.safe.gov.cn/safe/2021/0202/18181.html
2021-06-01,32140.1,103.04,114.1,1104.5,6264,-2.77,33459,https://www.safe.gov.cn/safe/2021/0202/18181.html
2021-05-01,32218,104.72,115.04,1190.2,6264,-3.27,33624.7,https://www.safe.gov.cn/safe/2021/0202/18181.html
2021-04-01,31981.8,104.09,114.23,1107.32,6264,-3.39,33304.1,https://www.safe.gov.cn/safe/2021/0202/18181.html
2021-03-01,31700.3,102.73,113.33,1059.33,6264,-4.73,32970.9,https://www.safe.gov.cn/safe/2021/0202/18181.html
2021-02-01,32049.9,107.52,115,1091.78,6264,-4.07,33360.2,https://www.safe.gov.cn/safe/2021/0202/18181.html
2021-01-01,32106.7,107.69,115.09,1167.55,6264,-3.99,33493.1,https://www.safe.gov.cn/safe/2021/0202/18181.html
2020-12-01,32165.2,107.65,114.95,1182.46,6264,-4.99,33565.3,https://www.safe.gov.cn/safe/2020/0207/15340.html
2020-11-01,31784.9,98.31,113.65,1104.12,6264,-4.72,33096.3,https://www.safe.gov.cn/safe/2020/0207/15340.html
2020-10-01,31279.8,97.04,112.05,1178.86,6264,-4.91,32662.9,https://www.safe.gov.cn/safe/2020/0207/15340.html
2020-09-01,31425.6,96.77,111.67,1182.02,6264,-3.99,32812.1,https://www.safe.gov.cn/safe/2020/0207/15340.html
2020-08-01,31646.1,98.14,113.18,1226.15,6264,-4.13,33079.4,https://www.safe.gov.cn/safe/2020/0207/15340.html
2020-07-01,31543.9,98.71,112.68,1230.88,6264,-3.96,32982.2,https://www.safe.gov.cn/safe/2020/0207/15340.html
2020-06-01,31123.3,96.1,109.54,1107.6,6264,-3.26,32433.2,https://www.safe.gov.cn/safe/2020/0207/15340.html
2020-05-01,31016.9,90.73,108.75,1082.92,6264,-0.51,32298.8,https://www.safe.gov.cn/safe/2020/0207/15340.html
2020-04-01,30914.6,90.36,108.12,1066.66,6264,-0.34,32179.4,https://www.safe.gov.cn/safe/2020/0207/15340.html
2020-03-01,30606.3,80.7,110.19,1007.9,6264,-2.38,31802.7,https://www.safe.gov.cn/safe/2020/0207/15340.html
2020-02-01,31067.2,81.2,110.87,1008.47,6264,-1,32266.7,https://www.safe.gov.cn/safe/2020/0207/15340.html
2020-01-01,31155,83.75,110.96,992.4,6264,0.11,32342.2,https://www.safe.gov.cn/safe/2020/0207/15340.html
2019-12-01,31079.2,84.44,111.26,954.06,6264,0.33,32229.3,https://www.safe.gov.cn/safe/2019/0211/11348.html
2019-11-01,30955.9,84.65,108.99,914.69,6264,-1.61,32062.6,https://www.safe.gov.cn/safe/2019/0211/11348.html
2019-10-01,31051.6,85.05,109.16,946.51,6264,-1.09,32191.2,https://www.safe.gov.cn/safe/2019/0211/11348.html
2019-09-01,30924.3,84.15,107.85,930.45,6264,-2.25,32044.5,https://www.safe.gov.cn/safe/2019/0211/11348.html
2019-08-01,31071.8,84.46,108.22,954.5,6245,-3.95,32215,https://www.safe.gov.cn/safe/2019/0211/11348.html
2019-07-01,31037,85.39,108.5,888.76,6226,-4.65,32115,https://www.safe.gov.cn/safe/2019/0211/11348.html
2019-06-01,31192.3,82.33,108.11,872.68,6194,-3.11,32252.3,https://www.safe.gov.cn/safe/2019/0211/11348.html
2019-05-01,31010,82.83,106.83,798.25,6161,0.16,31998.1,https://www.safe.gov.cn/safe/2019/0211/11348.html
2019-04-01,30949.5,83.46,107.08,783.49,6110,1.05,31924.6,https://www.safe.gov.cn/safe/2019/0211/11348.html
2019-03-01,30987.6,84.09,107.22,785.25,6062,-2.99,31961.2,https://www.safe.gov.cn/safe/2019/0211/11348.html
2019-02-01,30901.8,84.68,107.94,794.98,6026,-1.54,31887.9,https://www.safe.gov.cn/safe/2019/0211/11348.html
2019-01-01,30879.2,84.85,107.86,793.19,5994,-1.63,31863.5,https://www.safe.gov.cn/safe/2019/0211/11348.html
2018-12-01,30727.1,84.79,106.9,763.31,5956,-2.2,31679.9,https://www.safe.gov.cn/safe/2018/0408/8785.html
2018-11-01,30617,87.4,106.08,721.22,5924,-1.1,31530.6,https://www.safe.gov.cn/safe/2018/0408/8785.html
2018-10-01,30531,88.26,105.64,719.68,5924,4.92,31449.5,https://www.safe.gov.cn/safe/2018/0408/8785.html
2018-09-01,30870.2,85.12,108.13,703.27,5924,4.1,31770.9,https://www.safe.gov.cn/safe/2018/0408/8785.html
2018-08-01,31097.2,85.49,108.6,712.28,5924,2.72,32006.2,https://www.safe.gov.cn/safe/2018/0408/8785.html
2018-07-01,31179.5,84.71,108.63,723.24,5924,4.41,32100.5,https://www.safe.gov.cn/safe/2018/0408/8785.html
2018-06-01,31121.3,85.27,108.61,740.71,5924,5.35,32061.2,https://www.safe.gov.cn/safe/2018/0408/8785.html
2018-05-01,31106.2,74.8,108.8,773.23,5924,5.09,32068.2,https://www.safe.gov.cn/safe/2018/0408/8785.html
2018-04-01,31248.5,76.4,110.91,777.88,5924,2.04,32215.7,https://www.safe.gov.cn/safe/2018/0408/8785.html
2018-03-01,31428.2,77.44,112.19,784.19,5924,1.4,32403.4,https://www.safe.gov.cn/safe/2018/0408/8785.html
2018-02-01,31344.8,77.02,111.41,780.64,5924,5.33,32319.2,https://www.safe.gov.cn/safe/2018/0408/8785.html
2018-01-01,31614.6,77.84,112.51,796.75,5924,5.12,32606.8,https://www.safe.gov.cn/safe/2018/0408/8785.html
