date,district,available_units,available_area_sqm,unsold_units,unsold_area_sqm,signed_units,signed_area_sqm,available_commercial_units,available_commercial_area_sqm,unsold_commercial_units,unsold_commercial_area_sqm,signed_commercial_units,signed_commercial_area_sqm,available_office_units,available_office_area_sqm,unsold_office_units,unsold_office_area_sqm,signed_office_units,signed_office_area_sqm,available_parking_units,available_parking_area_sqm,unsold_parking_units,unsold_parking_area_sqm,signed_parking_units,signed_parking_area_sqm,source_url
2026-07-23,从化区,3152,339956.7303,11101,1376915.0157,1,123.09,0,0.0,0,0.0,0,0.0,0,0.0,0,0.0,0,0.0,0,0.0,0,0.0,0,0.0,https://zfcj.gz.gov.cn/zfcj/tjxx/spfxstjxx
2026-07-23,南沙区,11007,1241294.6821,24025,2706649.9926,16,1684.2337,0,0.0,0,0.0,0,0.0,0,0.0,0,0.0,0,0.0,0,0.0,0,0.0,0,0.0,https://zfcj.gz.gov.cn/zfcj/tjxx/spfxstjxx
2026-07-23,增城区,19581,1904854.11,41569,4248550.89,25,2558.81,0,0.0,0,0.0,0,0.0,0,0.0,0,0.0,0,0.0,0,0.0,0,0.0,0,0.0,https://zfcj.gz.gov.cn/zfcj/tjxx/spfxstjxx
2026-07-23,天河区,4033,525394.6503,10256,1410590.6206,6,619.802,0,0.0,0,0.0,0,0.0,0,0.0,0,0.0,0,0.0,0,0.0,0,0.0,0,0.0,https://zfcj.gz.gov.cn/zfcj/tjxx/spfxstjxx
2026-07-23,海珠区,3699,493190.8218,5533,716414.9533,33,4018.446,0,0.0,0,0.0,0,0.0,0,0.0,0,0.0,0,0.0,0,0.0,0,0.0,0,0.0,https://zfcj.gz.gov.cn/zfcj/tjxx/spfxstjxx
2026-07-23,番禺区,10093,1353321.0085,18766,2525912.4292,10,1199.5824,0,0.0,0,0.0,0,0.0,0,0.0,0,0.0,0,0.0,0,0.0,0,0.0,0,0.0,https://zfcj.gz.gov.cn/zfcj/tjxx/spfxstjxx
2026-07-23,白云区,7570,815434.4462,11834,1276132.1563,7,858.9779,0,0.0,0,0.0,0,0.0,0,0.0,0,0.0,0,0.0,0,0.0,0,0.0,0,0.0,https://zfcj.gz.gov.cn/zfcj/tjxx/spfxstjxx
2026-07-23,花都区,7990,912313.6314,19563,2310609.3021,14,1571.1489,0,0.0,0,0.0,0,0.0,0,0.0,0,0.0,0,0.0,0,0.0,0,0.0,0,0.0,https://zfcj.gz.gov.cn/zfcj/tjxx/spfxstjxx
2026-07-23,荔湾区,5862,684138.9655,9106,1050773.4067,6,923.5765,0,0.0,0,0.0,0,0.0,0,0.0,0,0.0,0,0.0,0,0.0,0,0.0,0,0.0,https://zfcj.gz.gov.cn/zfcj/tjxx/spfxstjxx
2026-07-23,越秀区,475,57071.665,1778,228833.656,0,0.0,0,0.0,0,0.0,0,0.0,0,0.0,0,0.0,0,0.0,0,0.0,0,0.0,0,0.0,https://zfcj.gz.gov.cn/zfcj/tjxx/spfxstjxx
2026-07-23,黄埔区,9058,1063783.1161,20697,2540874.573,19,1848.5772,0,0.0,0,0.0,0,0.0,0,0.0,0,0.0,0,0.0,0,0.0,0,0.0,0,0.0,https://zfcj.gz.gov.cn/zfcj/tjxx/spfxstjxx
2026-07-24,从化区,3150,339849.0303,11096,1376494.3657,5,420.65,0,0.0,0,0.0,0,0.0,0,0.0,0,0.0,0,0.0,0,0.0,0,0.0,0,0.0,https://zfcj.gz.gov.cn/zfcj/tjxx/spfxstjxx
2026-07-24,南沙区,10996,1240059.8626,24013,2705302.0804,13,1453.3422,0,0.0,0,0.0,0,0.0,0,0.0,0,0.0,0,0.0,0,0.0,0,0.0,0,0.0,https://zfcj.gz.gov.cn/zfcj/tjxx/spfxstjxx
2026-07-24,增城区,19800,1926802.74,41551,4246493.66,26,2746.26,0,0.0,0,0.0,0,0.0,0,0.0,0,0.0,0,0.0,0,0.0,0,0.0,0,0.0,https://zfcj.gz.gov.cn/zfcj/tjxx/spfxstjxx
2026-07-24,天河区,4028,524178.5857,10250,1409196.404,5,1216.0646,0,0.0,0,0.0,0,0.0,0,0.0,0,0.0,0,0.0,0,0.0,0,0.0,0,0.0,https://zfcj.gz.gov.cn/zfcj/tjxx/spfxstjxx
2026-07-24,海珠区,3671,489649.193,5505,712873.3245,28,3541.6288,0,0.0,0,0.0,0,0.0,0,0.0,0,0.0,0,0.0,0,0.0,0,0.0,0,0.0,https://zfcj.gz.gov.cn/zfcj/tjxx/spfxstjxx
2026-07-24,番禺区,10089,1352753.8201,18751,2523878.3762,16,2126.113,0,0.0,0,0.0,0,0.0,0,0.0,0,0.0,0,0.0,0,0.0,0,0.0,0,0.0,https://zfcj.gz.gov.cn/zfcj/tjxx/spfxstjxx
2026-07-24,白云区,7545,812617.2985,11809,1273315.0086,25,2817.1477,0,0.0,0,0.0,0,0.0,0,0.0,0,0.0,0,0.0,0,0.0,0,0.0,0,0.0,https://zfcj.gz.gov.cn/zfcj/tjxx/spfxstjxx
2026-07-24,花都区,7889,903527.2206,19544,2308284.2799,16,1782.6222,0,0.0,0,0.0,0,0.0,0,0.0,0,0.0,0,0.0,0,0.0,0,0.0,0,0.0,https://zfcj.gz.gov.cn/zfcj/tjxx/spfxstjxx
2026-07-24,荔湾区,5966,693231.1289,9092,1049165.801,12,1484.2423,0,0.0,0,0.0,0,0.0,0,0.0,0,0.0,0,0.0,0,0.0,0,0.0,0,0.0,https://zfcj.gz.gov.cn/zfcj/tjxx/spfxstjxx
2026-07-24,越秀区,475,57071.665,1777,228725.6931,1,107.9629,0,0.0,0,0.0,0,0.0,0,0.0,0,0.0,0,0.0,0,0.0,0,0.0,0,0.0,https://zfcj.gz.gov.cn/zfcj/tjxx/spfxstjxx
2026-07-24,黄埔区,9138,1072881.9332,20674,2538567.3945,23,2307.1785,0,0.0,0,0.0,0,0.0,0,0.0,0,0.0,0,0.0,0,0.0,0,0.0,0,0.0,https://zfcj.gz.gov.cn/zfcj/tjxx/spfxstjxx
2026-07-25,从化区,3147,339606.9203,11092,1376154.7357,4,339.63,0,0.0,0,0.0,0,0.0,0,0.0,0,0.0,0,0.0,0,0.0,0,0.0,0,0.0,https://zfcj.gz.gov.cn/zfcj/tjxx/spfxstjxx
2026-07-25,南沙区,10985,1238429.8332,24001,2703573.3277,15,2025.9682,0,0.0,0,0.0,0,0.0,0,0.0,0,0.0,0,0.0,0,0.0,0,0.0,0,0.0,https://zfcj.gz.gov.cn/zfcj/tjxx/spfxstjxx
2026-07-25,增城区,19771,1923811.56,41516,4242922.55,35,3571.11,0,0.0,0,0.0,0,0.0,0,0.0,0,0.0,0,0.0,0,0.0,0,0.0,0,0.0,https://zfcj.gz.gov.cn/zfcj/tjxx/spfxstjxx
2026-07-25,天河区,4013,522250.1486,10235,1407267.9669,15,1928.4371,0,0.0,0,0.0,0,0.0,0,0.0,0,0.0,0,0.0,0,0.0,0,0.0,0,0.0,https://zfcj.gz.gov.cn/zfcj/tjxx/spfxstjxx
2026-07-25,海珠区,3641,486354.1739,5475,709578.3054,30,3295.0191,0,0.0,0,0.0,0,0.0,0,0.0,0,0.0,0,0.0,0,0.0,0,0.0,0,0.0,https://zfcj.gz.gov.cn/zfcj/tjxx/spfxstjxx
2026-07-25,番禺区,10057,1349094.1928,18715,2519690.4789,36,4187.8973,0,0.0,0,0.0,0,0.0,0,0.0,0,0.0,0,0.0,0,0.0,0,0.0,0,0.0,https://zfcj.gz.gov.cn/zfcj/tjxx/spfxstjxx
2026-07-25,白云区,7521,809831.8279,11785,1270529.538,24,2785.4706,0,0.0,0,0.0,0,0.0,0,0.0,0,0.0,0,0.0,0,0.0,0,0.0,0,0.0,https://zfcj.gz.gov.cn/zfcj/tjxx/spfxstjxx
2026-07-25,花都区,7877,902174.5097,19526,2306396.6099,18,1887.67,0,0.0,0,0.0,0,0.0,0,0.0,0,0.0,0,0.0,0,0.0,0,0.0,0,0.0,https://zfcj.gz.gov.cn/zfcj/tjxx/spfxstjxx
2026-07-25,荔湾区,5948,691284.434,9072,1047031.0251,20,2134.7759,0,0.0,0,0.0,0,0.0,0,0.0,0,0.0,0,0.0,0,0.0,0,0.0,0,0.0,https://zfcj.gz.gov.cn/zfcj/tjxx/spfxstjxx
2026-07-25,越秀区,473,56876.8061,1774,228429.0937,3,296.5994,0,0.0,0,0.0,0,0.0,0,0.0,0,0.0,0,0.0,0,0.0,0,0.0,0,0.0,https://zfcj.gz.gov.cn/zfcj/tjxx/spfxstjxx
2026-07-25,黄埔区,9114,1070344.0724,20639,2534740.7815,35,3826.613,0,0.0,0,0.0,0,0.0,0,0.0,0,0.0,0,0.0,0,0.0,0,0.0,0,0.0,https://zfcj.gz.gov.cn/zfcj/tjxx/spfxstjxx
2026-07-27,从化区,3143,339192.224,11083,1375232.0094,4,364.81,419,55976.241,2989,364973.1551,1,49.37,9,611.41,784,99801.05,0,0.0,19449,368956.0619,35168,812449.7403,4,63.04,https://zfcj.gz.gov.cn/zfcj/tjxx/spfxstjxx
2026-07-27,南沙区,10979,1237810.4969,23989,2702334.9842,17,1667.2494,2947,324656.6571,4814,709474.5381,1,43.03,2531,311777.3077,6944,934999.7665,3,120.1213,84377,1200247.2714,109516,2406452.7957,1,12.72,https://zfcj.gz.gov.cn/zfcj/tjxx/spfxstjxx
2026-07-27,增城区,19736,1920049.43,41472,4238220.65,19,2074.46,2485,296356.81,8735,1385924.75,1,28.61,2164,206869.68,7380,794922.62,0,0.0,120305,1538749.85,226221,3143186.69,7,89.76,https://zfcj.gz.gov.cn/zfcj/tjxx/spfxstjxx
2026-07-27,天河区,3996,520292.6877,10216,1404794.5285,9,1341.0519,794,151571.5848,2595,1003173.3421,0,0.0,4770,548713.7867,13160,3125122.4995,2,73.523,22462,705271.2506,49402,1588493.1119,3,38.44,https://zfcj.gz.gov.cn/zfcj/tjxx/spfxstjxx
2026-07-27,海珠区,3611,482620.3585,5445,705844.49,10,1489.6421,1325,281245.3465,4761,1338558.4077,0,0.0,1968,412469.6424,7650,1726197.5851,1,29.0597,16964,490912.3435,38023,989991.7531,1,12.72,https://zfcj.gz.gov.cn/zfcj/tjxx/spfxstjxx
2026-07-27,番禺区,10023,1345569.7085,18680,2516062.5546,15,1524.59,3429,428273.0879,8401,1399388.2536,1,18.45,2819,264989.5396,7893,844412.029,2,70.5584,111404,2284234.5305,147037,2969269.7286,15,192.716,https://zfcj.gz.gov.cn/zfcj/tjxx/spfxstjxx
2026-07-27,白云区,7496,807216.2841,11876,1280820.7052,14,1516.8083,875,174414.4929,2743,641742.38,0,0.0,6261,643434.9674,12919,1470873.328,2,100.5282,30366,842576.3401,45699,1429710.5664,5,64.255,https://zfcj.gz.gov.cn/zfcj/tjxx/spfxstjxx
2026-07-27,花都区,7857,900062.252,19494,2302538.6463,19,2539.5948,752,122735.021,5400,1388761.0066,0,0.0,267,82540.2653,2227,261440.6804,0,0.0,30985,557805.6264,83666,1427125.8839,32,408.8332,https://zfcj.gz.gov.cn/zfcj/tjxx/spfxstjxx
2026-07-27,荔湾区,5935,689786.997,9059,1045533.5881,9,1040.619,1650,184396.3833,7278,964931.7955,0,0.0,1429,157295.4492,4964,431126.4102,1,37.7255,23781,1113832.6859,45522,1711038.0503,25,337.29,https://zfcj.gz.gov.cn/zfcj/tjxx/spfxstjxx
2026-07-27,越秀区,474,57013.81,1774,228429.0937,0,0.0,507,81094.9387,1905,421594.5658,1,34.7125,315,27085.5209,2038,345821.1272,0,0.0,1238,37593.7539,4919,187243.8842,0,0.0,https://zfcj.gz.gov.cn/zfcj/tjxx/spfxstjxx
2026-07-27,黄埔区,9087,1067687.0565,20604,2530952.4751,15,1648.5359,1071,202871.6704,5919,1215488.4982,0,0.0,3107,454363.1765,11987,2014339.1509,0,0.0,59605,1445585.5036,120278,2861071.9399,9,114.35,https://zfcj.gz.gov.cn/zfcj/tjxx/spfxstjxx
2026-08-18,从化区,3097,334291.634,11009,1367519.2494,0,0.0,416,56129.971,2973,363465.8651,9,1342.63,8,574.72,784,99801.05,0,0.0,19421,368595.5519,35127,811925.1203,2,24.74,https://zfcj.gz.gov.cn/zfcj/tjxx/spfxstjxx
2026-08-18,南沙区,11443,1292992.1814,27553,3058334.4419,6,723.6557,2905,296811.1288,4759,681275.5797,1,79.7893,2514,310662.3234,6922,933690.6315,0,0.0,84215,1198157.1756,109338,2404158.5911,3,37.502,https://zfcj.gz.gov.cn/zfcj/tjxx/spfxstjxx
2026-08-18,增城区,19492,1908016.91,40875,4185609.72,56,5523.2,2509,298968.38,8693,1381568.15,0,0.0,2152,206037.19,7369,795462.8,0,0.0,119155,1524195.74,225730,3136910.04,11,141.28,https://zfcj.gz.gov.cn/zfcj/tjxx/spfxstjxx
2026-08-18,天河区,3906,509184.167,10251,1409369.2582,5,690.0083,806,152246.0373,2595,1003164.7732,0,0.0,4762,548189.7049,13150,3124516.9244,0,0.0,22353,703865.688,49229,1586188.5333,15,187.3,https://zfcj.gz.gov.cn/zfcj/tjxx/spfxstjxx
2026-08-18,海珠区,3468,465083.9832,5314,690785.0201,2,417.8921,1342,290481.1,4761,1330028.6938,11,3394.3453,1538,396756.3832,7185,1708391.0048,17,1442.6936,17209,503058.2555,38513,1002262.1721,4,48.619,https://zfcj.gz.gov.cn/zfcj/tjxx/spfxstjxx
2026-08-18,番禺区,9686,1304297.8366,18499,2500782.0321,5,677.0567,3432,419683.743,8372,1388722.8634,1,84.761,3006,359675.9035,7833,839958.6042,0,0.0,111046,2279612.4611,146665,2964475.0192,4,54.494,https://zfcj.gz.gov.cn/zfcj/tjxx/spfxstjxx
2026-08-18,白云区,7510,808714.9697,11659,1258969.3452,14,1587.9249,920,176835.6154,2733,639693.3438,0,0.0,6346,649947.9944,12621,1459703.1212,5,484.6462,30266,841295.4757,45590,1428306.481,8,104.04,https://zfcj.gz.gov.cn/zfcj/tjxx/spfxstjxx
2026-08-18,花都区,7749,894407.5841,19584,2314627.0467,15,1905.9292,751,122173.1652,5388,1387234.2755,4,588.8336,267,82540.2653,2227,261440.6804,0,0.0,30646,553302.2391,83056,1419077.9491,7,88.4292,https://zfcj.gz.gov.cn/zfcj/tjxx/spfxstjxx
2026-08-18,荔湾区,5769,669875.166,8883,1024791.2234,15,1867.9567,1673,185265.7999,7300,965746.5497,0,0.0,1784,171601.5136,5354,456691.2474,4,155.4765,24261,1119909.2955,45966,1716659.8041,3,37.92,https://zfcj.gz.gov.cn/zfcj/tjxx/spfxstjxx
2026-08-18,越秀区,461,55552.7436,1750,225857.5117,0,0.0,492,80223.9722,1890,420723.5993,0,0.0,328,27904.0912,2036,345680.1806,0,0.0,1236,37568.4399,4916,187205.6102,0,0.0,https://zfcj.gz.gov.cn/zfcj/tjxx/spfxstjxx
2026-08-18,黄埔区,8629,1013774.2084,20518,2522799.383,13,1263.8049,1066,202517.4209,5913,1215098.9096,0,0.0,3097,456404.0276,11969,2011243.0327,2,493.7343,59702,1446750.7014,119962,2856779.6713,11,131.9602,https://zfcj.gz.gov.cn/zfcj/tjxx/spfxstjxx
2026-08-19,从化区,3096,334151.0877,11003,1366930.2731,6,588.9763,409,55535.511,2966,362871.4051,7,594.46,8,574.72,784,99801.05,0,0.0,19419,368570.5919,35125,811900.1603,2,24.96,https://zfcj.gz.gov.cn/zfcj/tjxx/spfxstjxx
2026-08-19,南沙区,11441,1292796.011,27545,3057419.9988,8,849.0186,2905,296811.1288,4759,681275.5797,0,0.0,2513,310597.036,6921,933625.3441,1,65.2874,84214,1198144.4556,109336,2404133.1511,2,25.44,https://zfcj.gz.gov.cn/zfcj/tjxx/spfxstjxx
2026-08-19,增城区,19467,1905505.89,40847,4182692.87,28,2916.85,2511,299062.12,8694,1381626.53,0,0.0,2152,206037.19,7369,795462.8,0,0.0,119151,1524145.82,225724,3136834.15,6,75.89,https://zfcj.gz.gov.cn/zfcj/tjxx/spfxstjxx
2026-08-19,天河区,3898,508023.5081,10243,1408208.5993,8,1160.6589,806,152246.0373,2595,1003164.7732,0,0.0,4762,548189.7049,13150,3124516.9244,0,0.0,22350,703826.998,49225,1586136.1433,4,52.39,https://zfcj.gz.gov.cn/zfcj/tjxx/spfxstjxx
2026-08-19,海珠区,3466,464821.1598,5312,690522.1967,2,262.8234,1339,290442.6576,4761,1330028.6938,0,0.0,1536,396635.1373,7182,1708231.6759,3,159.3289,17206,503018.6115,38507,1002184.2793,6,77.8928,https://zfcj.gz.gov.cn/zfcj/tjxx/spfxstjxx
2026-08-19,番禺区,9686,1304225.1099,18636,2514016.6554,13,1417.9767,3432,419683.743,8377,1389050.4334,0,0.0,3002,359204.1435,7829,839486.8442,4,471.76,111038,2279509.1463,146656,2964358.5044,9,116.5148,https://zfcj.gz.gov.cn/zfcj/tjxx/spfxstjxx
2026-08-19,白云区,7499,807438.5122,11664,1259578.9185,11,1276.4575,920,176835.6154,2732,639160.5272,1,532.8166,6346,649947.9944,12621,1459703.1212,0,0.0,31461,856542.8381,45528,1427491.341,62,815.14,https://zfcj.gz.gov.cn/zfcj/tjxx/spfxstjxx
2026-08-19,花都区,7734,892574.4927,19566,2312533.8312,18,2093.2155,751,122173.1652,5388,1387234.2755,0,0.0,267,82540.2653,2227,261440.6804,0,0.0,30642,553251.4399,83045,1418925.8499,11,152.0992,https://zfcj.gz.gov.cn/zfcj/tjxx/spfxstjxx
2026-08-19,荔湾区,5760,669081.4355,8874,1023997.4929,9,793.7305,1673,185265.7999,7300,965746.5497,0,0.0,1782,171492.1927,5352,456581.9265,2,109.3209,24258,1119869.6955,45963,1716620.2041,3,39.6,https://zfcj.gz.gov.cn/zfcj/tjxx/spfxstjxx
2026-08-19,越秀区,461,55552.7436,1750,225857.5117,0,0.0,491,80188.1489,1889,420687.776,1,35.8233,328,27904.0912,2036,345680.1806,0,0.0,1236,37568.4399,4916,187205.6102,0,0.0,https://zfcj.gz.gov.cn/zfcj/tjxx/spfxstjxx
2026-08-19,黄埔区,8612,1012088.9776,20643,2535017.4274,20,1964.0228,1074,203963.5233,5913,1215098.9096,0,0.0,3117,450068.7902,11968,2011196.4482,1,46.5845,60014,1454103.0968,119947,2856581.3488,15,196.0633,https://zfcj.gz.gov.cn/zfcj/tjxx/spfxstjxx
2026-09-08,从化区,3153,338847.4758,10949,1360527.0361,2,342.8,401,55078.371,2951,362058.4351,1,41.68,6,480.11,765,98824.48,0,0.0,19355,367761.2419,35057,811036.2703,3,38.27,https://zfcj.gz.gov.cn/zfcj/tjxx/spfxstjxx
2026-09-08,南沙区,11807,1335286.5797,27583,3056704.7804,4,451.4891,2891,295868.1961,4742,679949.157,0,0.0,2472,309061.6895,6879,932053.7037,1,36.2939,84139,1197137.3381,109247,2402951.9268,5,61.8816,https://zfcj.gz.gov.cn/zfcj/tjxx/spfxstjxx
2026-09-08,增城区,18855,1846888.96,40067,4110972.83,24,2274.26,2502,298771.19,8687,1381499.01,0,0.0,2146,205783.64,7362,795174.86,0,0.0,119114,1523426.27,224839,3125299.97,16,204.16,https://zfcj.gz.gov.cn/zfcj/tjxx/spfxstjxx
2026-09-08,天河区,3995,515470.7324,10565,1489767.2275,4,918.0541,805,152184.0867,2594,1003102.8226,0,0.0,4750,547441.3724,13139,3123908.4326,1,32.3326,23244,715352.9194,50106,1559342.3408,5,64.13,https://zfcj.gz.gov.cn/zfcj/tjxx/spfxstjxx
2026-09-08,海珠区,3392,455747.3811,5193,675380.6746,1,118.5048,1336,287529.9439,4755,1326837.7087,0,0.0,1512,396146.6377,7160,1707108.1265,1,75.0835,17160,512616.7347,38441,1001339.1003,1,12.72,https://zfcj.gz.gov.cn/zfcj/tjxx/spfxstjxx
2026-09-08,番禺区,9638,1296613.443,18546,2501144.1485,8,1932.274,3423,400246.1409,8325,1354872.1896,0,0.0,3294,410595.0804,7813,838674.4611,0,0.0,110666,2288171.0782,146295,2951275.3156,4,50.92,https://zfcj.gz.gov.cn/zfcj/tjxx/spfxstjxx
2026-09-08,白云区,7565,815760.3633,11567,1250862.6928,9,961.0962,906,175563.7487,2723,636742.6905,0,0.0,6296,647009.7598,12571,1456769.5763,0,0.0,31284,867408.8649,45276,1421631.6845,2,25.758,https://zfcj.gz.gov.cn/zfcj/tjxx/spfxstjxx
2026-09-08,花都区,7920,913773.678,19238,2274187.1896,35,3453.3427,755,122077.5586,5398,1387504.2789,0,0.0,267,82540.2653,2227,261440.6804,0,0.0,30425,550065.2198,82720,1414352.2593,27,392.625,https://zfcj.gz.gov.cn/zfcj/tjxx/spfxstjxx
2026-09-08,荔湾区,5958,698930.1703,8940,1032953.6116,4,654.6333,1679,185914.0296,7297,965644.3271,1,55.051,1725,165750.7175,5295,450840.4513,1,43.1276,24293,1120374.5005,45974,1716823.6083,4,50.88,https://zfcj.gz.gov.cn/zfcj/tjxx/spfxstjxx
2026-09-08,越秀区,416,49202.0445,1744,225244.4586,0,0.0,485,79916.6791,1883,420416.3062,1,35.8233,309,26571.4182,2019,344625.1292,0,0.0,1238,37589.9705,4913,187168.0652,0,0.0,https://zfcj.gz.gov.cn/zfcj/tjxx/spfxstjxx
2026-09-08,黄埔区,8490,995501.5853,20401,2508223.0325,14,1487.9626,1074,203963.5233,5906,1214949.7079,1,72.1928,3113,447433.6221,11959,2006678.2256,1,43.44,58190,1431185.6445,118816,2842264.7353,4,50.88,https://zfcj.gz.gov.cn/zfcj/tjxx/spfxstjxx
2026-09-09,从化区,3145,336527.9058,11089,1376255.3261,4,398.27,403,55175.981,2951,362058.4351,0,0.0,6,480.11,765,98824.48,0,0.0,19355,367761.2419,35057,811036.2703,0,0.0,https://zfcj.gz.gov.cn/zfcj/tjxx/spfxstjxx
2026-09-09,南沙区,12156,1371600.0277,27572,3055562.8284,12,1232.2233,2901,296257.7261,4743,680153.1594,0,0.0,2471,308973.1237,6878,931965.1379,1,88.5658,84138,1197123.5681,109246,2402938.1568,1,13.77,https://zfcj.gz.gov.cn/zfcj/tjxx/spfxstjxx
2026-09-09,增城区,18798,1842142.47,40049,4109109.77,21,2141.57,2495,298042.11,8686,1381430.59,1,68.42,2146,205783.64,7362,795174.86,0,0.0,118901,1520710.98,224821,3125067.75,19,244.94,https://zfcj.gz.gov.cn/zfcj/tjxx/spfxstjxx
2026-09-09,天河区,3988,514631.6406,10557,1488786.4082,8,980.8193,805,152184.0867,2594,1003102.8226,0,0.0,4749,547301.1346,13138,3123768.1948,1,140.2378,23240,715300.9794,50102,1559290.4008,4,51.94,https://zfcj.gz.gov.cn/zfcj/tjxx/spfxstjxx
2026-09-09,海珠区,3388,455204.0775,5189,674837.371,4,543.3036,1336,287529.9439,4755,1326837.7087,0,0.0,1512,396146.6377,7160,1707108.1265,0,0.0,17160,512616.7347,38436,1001274.9253,2,25.75,https://zfcj.gz.gov.cn/zfcj/tjxx/spfxstjxx
2026-09-09,番禺区,9631,1295967.693,18535,2500035.829,11,1112.0195,3423,400246.1409,8325,1354872.1896,0,0.0,3294,410595.0804,7813,838674.4611,0,0.0,110663,2288132.9182,146291,2951223.9556,4,51.36,https://zfcj.gz.gov.cn/zfcj/tjxx/spfxstjxx
2026-09-09,白云区,7594,820937.5262,11561,1250284.7207,6,577.9721,906,175563.7487,2723,636742.6905,0,0.0,6295,646882.1309,12570,1456641.9474,1,127.6289,31315,867803.1849,45307,1422026.0045,4,50.88,https://zfcj.gz.gov.cn/zfcj/tjxx/spfxstjxx
2026-09-09,花都区,7897,911031.5148,19419,2304213.9512,39,4235.4451,755,122077.5586,5398,1387504.2789,0,0.0,267,82540.2653,2227,261440.6804,0,0.0,30421,550015.8438,82713,1414265.8533,5,63.156,https://zfcj.gz.gov.cn/zfcj/tjxx/spfxstjxx
2026-09-09,荔湾区,5947,697457.0893,8929,1031480.5306,11,1473.081,1678,185867.1801,7296,965597.4776,1,46.8495,1724,165713.3612,5294,450803.095,1,37.3563,24290,1120336.3405,45969,1716759.7825,6,76.2808,https://zfcj.gz.gov.cn/zfcj/tjxx/spfxstjxx
2026-09-09,越秀区,416,49202.0445,1744,225244.4586,0,0.0,440,79437.577,1838,419937.2041,0,0.0,330,27530.201,2040,345583.912,0,0.0,1238,37589.9705,4913,187168.0652,0,0.0,https://zfcj.gz.gov.cn/zfcj/tjxx/spfxstjxx
2026-09-09,黄埔区,8482,994642.7877,20597,2533220.1215,13,1444.0385,1074,203963.5233,5906,1214949.7079,0,0.0,3093,444456.1244,11958,2006635.2404,1,42.9852,58190,1431185.6445,118814,2842239.4873,2,25.248,https://zfcj.gz.gov.cn/zfcj/tjxx/spfxstjxx
2026-09-10,从化区,3147,336738.4261,11084,1375542.8664,8,942.88,403,55175.981,2951,362058.4351,0,0.0,6,480.11,765,98824.48,0,0.0,19354,367748.5219,35055,811011.3603,2,24.91,https://zfcj.gz.gov.cn/zfcj/tjxx/spfxstjxx
2026-09-10,南沙区,12036,1360904.6689,27445,3044163.2517,7,643.457,2900,296216.2688,4742,680111.7021,1,41.4573,2471,308973.1237,6878,931965.1379,0,0.0,84133,1197056.8085,109241,2402871.3972,5,66.7596,https://zfcj.gz.gov.cn/zfcj/tjxx/spfxstjxx
2026-09-10,增城区,18777,1839857.29,40023,4106435.86,27,2740.77,2494,297965.07,8684,1381126.24,2,304.35,2145,205733.32,7361,795124.54,1,50.32,118895,1520634.71,224814,3124977.7,12,152.21,https://zfcj.gz.gov.cn/zfcj/tjxx/spfxstjxx
2026-09-10,天河区,3980,509946.2401,10572,1490800.9518,10,1584.3793,805,152184.0867,2594,1003102.8226,0,0.0,4749,547301.1346,13138,3123768.1948,0,0.0,23238,715275.5394,50100,1559264.9608,2,25.44,https://zfcj.gz.gov.cn/zfcj/tjxx/spfxstjxx
2026-09-10,海珠区,3380,454302.895,5183,674214.2422,6,623.1288,1336,287529.9439,4755,1326837.7087,0,0.0,1511,396227.1434,7159,1707188.6322,3,424.8673,17159,512604.0147,38435,1001262.2053,1,12.72,https://zfcj.gz.gov.cn/zfcj/tjxx/spfxstjxx
2026-09-10,番禺区,9792,1319778.393,18527,2499102.639,8,933.19,3436,401230.0709,8325,1354872.1896,0,0.0,3293,410527.2184,7812,838606.5991,1,67.862,110656,2288043.7282,146283,2951121.8536,8,102.102,https://zfcj.gz.gov.cn/zfcj/tjxx/spfxstjxx
2026-09-10,白云区,7582,819609.7811,11545,1248406.5192,16,1878.2015,906,175563.7487,2723,636742.6905,0,0.0,6298,647027.8228,12569,1456610.88,1,31.0674,31312,867768.3249,45293,1421850.8785,14,175.126,https://zfcj.gz.gov.cn/zfcj/tjxx/spfxstjxx
2026-09-10,花都区,7877,908586.17,19543,2316649.4871,31,3405.275,766,122567.2823,5406,1387922.4967,0,0.0,267,82540.2653,2227,261440.6804,0,0.0,30418,549977.2598,82709,1414215.0193,3,38.584,https://zfcj.gz.gov.cn/zfcj/tjxx/spfxstjxx
2026-09-10,荔湾区,5941,696677.9216,8922,1030624.2873,7,856.2433,1677,185838.0153,7295,965568.3128,1,29.1648,1723,165676.2487,5293,450765.9825,1,37.1125,24289,1120323.6205,45960,1716639.0419,9,120.7406,https://zfcj.gz.gov.cn/zfcj/tjxx/spfxstjxx
2026-09-10,越秀区,416,49202.0445,1744,225244.4586,0,0.0,439,79399.5321,1837,419899.1592,1,38.0449,342,28316.486,2040,345583.912,0,0.0,1238,37589.9705,4913,187168.0652,0,0.0,https://zfcj.gz.gov.cn/zfcj/tjxx/spfxstjxx
2026-09-10,黄埔区,8488,995231.2064,20715,2553919.9909,10,1018.1007,1074,203963.5233,5908,1215113.1835,0,0.0,3091,444313.4594,11956,2006492.5754,2,142.665,58183,1431099.7845,118807,2842156.7473,7,82.74,https://zfcj.gz.gov.cn/zfcj/tjxx/spfxstjxx
2026-09-13,从化区,3142,336203.4561,11070,1374065.6964,10,1034.88,402,55116.281,2950,361998.7351,0,0.0,6,480.11,765,98824.48,0,0.0,19354,367748.5219,35055,811011.3603,0,0.0,https://zfcj.gz.gov.cn/zfcj/tjxx/spfxstjxx
2026-09-13,南沙区,11992,1355869.0827,27400,3039147.4994,6,638.3866,2897,296039.215,4740,680060.7344,0,0.0,2457,308424.1474,6864,931416.1621,0,0.0,84099,1196619.5795,109227,2402694.9612,5,63.6,https://zfcj.gz.gov.cn/zfcj/tjxx/spfxstjxx
2026-09-13,增城区,18707,1832679.28,39936,4097414.53,27,2768.09,2493,297943.75,8677,1380676.81,3,259.88,2145,205733.32,7360,794715.38,0,0.0,118834,1519856.33,224745,3124100.2,29,368.77,https://zfcj.gz.gov.cn/zfcj/tjxx/spfxstjxx
2026-09-13,天河区,3967,508445.9607,10624,1499210.2305,7,729.987,804,152150.5814,2593,1003069.3173,1,33.5053,4748,547277.0243,13138,3123768.1948,0,0.0,23225,715110.1794,50086,1559086.8608,6,76.34,https://zfcj.gz.gov.cn/zfcj/tjxx/spfxstjxx
2026-09-13,海珠区,3359,451925.6794,5162,671837.0266,7,718.096,1336,287529.9439,4755,1326837.7087,0,0.0,1546,418741.098,7155,1707081.1339,1,32.9133,17153,512525.4722,38428,1001171.6628,2,24.72,https://zfcj.gz.gov.cn/zfcj/tjxx/spfxstjxx
2026-09-13,番禺区,9907,1332710.2273,18438,2488857.2097,23,2638.2857,3424,400707.9409,8306,1353904.2896,1,47.1207,3295,410624.312,7815,838756.451,0,0.0,110625,2287636.6628,146250,2950690.3862,15,201.9202,https://zfcj.gz.gov.cn/zfcj/tjxx/spfxstjxx
2026-09-13,白云区,7530,814210.2671,11499,1243762.0788,5,433.0799,906,175563.7487,2723,636742.6905,0,0.0,6293,646844.806,12564,1456427.8632,2,75.1062,31321,867887.7839,45297,1421909.9975,1,12.72,https://zfcj.gz.gov.cn/zfcj/tjxx/spfxstjxx
2026-09-13,花都区,7822,901784.9975,19446,2305339.0716,18,2114.7655,766,122567.2823,5406,1387899.4255,0,0.0,267,82540.2653,2227,261440.6804,0,0.0,30386,549564.2803,82676,1413778.5898,10,130.0547,https://zfcj.gz.gov.cn/zfcj/tjxx/spfxstjxx
2026-09-13,荔湾区,6096,729914.4968,8903,1028325.7998,4,442.6143,1675,185750.3507,7293,965480.6482,0,0.0,1717,165433.6978,5287,450523.4316,1,37.3563,24231,1119574.2525,45902,1715889.6739,16,205.868,https://zfcj.gz.gov.cn/zfcj/tjxx/spfxstjxx
2026-09-13,越秀区,415,49057.7385,1743,225100.1526,0,0.0,439,79399.5321,1837,419899.1592,0,0.0,342,28316.486,2040,345583.912,0,0.0,1238,37589.9705,4913,187168.0652,0,0.0,https://zfcj.gz.gov.cn/zfcj/tjxx/spfxstjxx
2026-09-13,黄埔区,8474,994208.9777,20653,2547677.9991,27,2914.0239,1078,208007.0514,5907,1215049.4579,0,0.0,3178,491950.6842,11954,2006393.7565,0,0.0,58162,1430833.275,118779,2841801.1978,6,73.06,https://zfcj.gz.gov.cn/zfcj/tjxx/spfxstjxx
2026-09-14,从化区,3140,335901.3661,11066,1373518.9664,4,546.73,402,55116.281,2950,361998.7351,0,0.0,6,480.11,765,98824.48,0,0.0,19354,367748.5219,35055,811011.3603,0,0.0,https://zfcj.gz.gov.cn/zfcj/tjxx/spfxstjxx
2026-09-14,南沙区,11984,1354799.9533,27392,3038078.37,9,1159.7609,2897,296039.215,4740,680060.7344,0,0.0,2457,308424.1474,6864,931416.1621,0,0.0,84089,1196492.4055,109217,2402567.7872,10,127.174,https://zfcj.gz.gov.cn/zfcj/tjxx/spfxstjxx
2026-09-14,增城区,18696,1831590.09,39916,4095163.9,24,2681.1,2493,297943.75,8677,1380676.81,0,0.0,2145,205733.32,7360,794715.38,0,0.0,118821,1519689.84,224729,3123895.88,16,204.32,https://zfcj.gz.gov.cn/zfcj/tjxx/spfxstjxx
2026-09-14,天河区,4002,515690.5647,10659,1506454.8345,4,444.735,804,152150.5814,2593,1003069.3173,0,0.0,4747,547230.9227,13137,3123722.0932,1,46.1016,23224,715097.4594,50085,1559074.1408,1,12.72,https://zfcj.gz.gov.cn/zfcj/tjxx/spfxstjxx
2026-09-14,海珠区,3368,452645.5666,5171,672556.9138,4,585.4049,1336,287529.9439,4755,1326837.7087,0,0.0,1542,418430.108,7151,1706770.1439,4,310.99,17152,512512.2222,38426,1001146.5908,1,13.25,https://zfcj.gz.gov.cn/zfcj/tjxx/spfxstjxx
2026-09-14,番禺区,9898,1331641.7573,18570,2502044.4597,11,1275.3,3424,400707.9409,8306,1353904.2896,0,0.0,3295,410624.312,7815,838756.451,0,0.0,110619,2287557.904,146244,2950611.6274,6,78.7588,https://zfcj.gz.gov.cn/zfcj/tjxx/spfxstjxx
2026-09-14,白云区,7526,813879.2254,11495,1243435.5032,4,331.8534,906,175563.7487,2723,636742.6905,0,0.0,6288,646640.875,12559,1456223.9322,5,203.931,31320,867875.0639,45293,1423273.6584,4,51.41,https://zfcj.gz.gov.cn/zfcj/tjxx/spfxstjxx
2026-09-14,花都区,7849,905903.3507,19430,2303460.734,15,1687.6976,766,122567.2823,5406,1387899.4255,0,0.0,267,82540.2653,2227,261440.6804,0,0.0,30380,549488.706,82669,1413691.5355,6,75.5743,https://zfcj.gz.gov.cn/zfcj/tjxx/spfxstjxx
2026-09-14,荔湾区,6095,729739.122,8901,1027942.9273,2,382.8725,1675,185750.3507,7293,965480.6482,0,0.0,1717,165433.6978,5287,450523.4316,0,0.0,24225,1119497.5725,45895,1715800.9939,7,88.68,https://zfcj.gz.gov.cn/zfcj/tjxx/spfxstjxx
2026-09-14,越秀区,415,49057.7385,1743,225100.1526,0,0.0,439,79399.5321,1837,419899.1592,0,0.0,342,28316.486,2040,345583.912,0,0.0,1238,37589.9705,4913,187168.0652,0,0.0,https://zfcj.gz.gov.cn/zfcj/tjxx/spfxstjxx
2026-09-14,黄埔区,8499,997519.3769,20801,2562218.8125,12,1459.8586,1078,208007.0514,5907,1215049.4579,0,0.0,3178,491950.6842,11954,2006393.7565,0,0.0,58160,1430807.017,118768,2841659.1194,11,142.0784,https://zfcj.gz.gov.cn/zfcj/tjxx/spfxstjxx
2026-09-15,从化区,3139,335808.9161,11062,1373097.2564,4,421.71,401,55078.371,2949,361960.8251,1,37.91,6,480.11,765,98824.48,0,0.0,19354,367748.5219,35055,811011.3603,0,0.0,https://zfcj.gz.gov.cn/zfcj/tjxx/spfxstjxx
2026-09-15,南沙区,11976,1353993.6633,27384,3037272.08,8,813.5032,2896,296003.1842,4739,680024.7036,1,36.0308,2456,308316.1492,6863,931308.1639,1,107.9982,84067,1196220.2203,109212,2402505.062,5,62.7252,https://zfcj.gz.gov.cn/zfcj/tjxx/spfxstjxx
2026-09-15,增城区,18680,1829826.52,39927,4100377.74,29,2725.91,2493,297400.5,8677,1380133.56,1,60.76,2145,205733.32,7360,794715.38,0,0.0,118796,1519366.51,224702,3123548.05,27,347.83,https://zfcj.gz.gov.cn/zfcj/tjxx/spfxstjxx
2026-09-15,天河区,4178,531747.5551,10880,1535883.8139,4,431.0156,804,152150.5814,2593,1003069.3173,0,0.0,4747,547230.9227,13137,3123722.0932,0,0.0,23221,715059.2994,50068,1558858.3808,17,215.76,https://zfcj.gz.gov.cn/zfcj/tjxx/spfxstjxx
2026-09-15,海珠区,3364,451754.326,5167,671665.6732,5,982.4352,1336,287529.9439,4755,1326837.7087,0,0.0,1593,435454.3708,7151,1706769.2362,0,0.0,17150,512486.7822,38424,1001121.1508,2,25.44,https://zfcj.gz.gov.cn/zfcj/tjxx/spfxstjxx
2026-09-15,番禺区,9907,1332009.1973,18545,2498360.4697,25,3683.99,3424,400707.9409,8305,1353867.3828,1,36.9068,3295,410624.312,7815,838756.451,0,0.0,110611,2287460.904,146235,2950501.3774,9,110.25,https://zfcj.gz.gov.cn/zfcj/tjxx/spfxstjxx
2026-09-15,白云区,7518,813004.5955,11487,1242560.8733,8,874.6299,906,175563.7487,2723,636742.6905,0,0.0,6287,646603.05,12558,1456186.1072,1,37.825,31320,867881.5639,45292,1424963.2074,12,149.91,https://zfcj.gz.gov.cn/zfcj/tjxx/spfxstjxx
2026-09-15,花都区,7832,903857.6681,19465,2310091.6249,27,2883.1326,766,122567.2823,5406,1387899.4255,0,0.0,267,82540.2653,2227,261440.6804,0,0.0,30371,549371.278,82660,1413574.1075,10,130.148,https://zfcj.gz.gov.cn/zfcj/tjxx/spfxstjxx
2026-09-15,荔湾区,6092,729333.2775,8893,1027071.8061,9,955.4767,1675,185750.3507,7293,965480.6482,0,0.0,1715,165339.5929,5285,450429.3267,2,94.1049,24215,1119370.0125,45885,1715673.4339,10,127.56,https://zfcj.gz.gov.cn/zfcj/tjxx/spfxstjxx
2026-09-15,越秀区,415,49057.7385,1743,225100.1526,0,0.0,439,79399.5321,1837,419899.1592,0,0.0,341,28272.3495,2039,345539.7755,1,44.1365,1238,37589.9705,4913,187168.0652,0,0.0,https://zfcj.gz.gov.cn/zfcj/tjxx/spfxstjxx
2026-09-15,黄埔区,8487,996271.1338,20782,2560060.9566,19,2157.8559,1078,208007.0514,5907,1215049.4579,0,0.0,3178,491757.6794,11954,2006200.7517,1,288.7104,57811,1426375.9184,118757,2841520.6734,11,138.446,https://zfcj.gz.gov.cn/zfcj/tjxx/spfxstjxx
2026-09-16,从化区,3134,335248.9951,11050,1371789.0154,12,1308.241,399,39835.891,2948,346872.7651,0,0.0,6,480.11,765,98824.48,0,0.0,19351,367710.3619,35052,810973.2003,3,38.16,https://zfcj.gz.gov.cn/zfcj/tjxx/spfxstjxx
2026-09-16,南沙区,12463,1406340.4745,27488,3049048.9951,12,1487.9754,2949,307645.0642,4749,680302.6411,1,204.0025,2454,308209.7868,6861,931201.8015,2,106.3624,84064,1196182.4843,109209,2402467.326,3,37.736,https://zfcj.gz.gov.cn/zfcj/tjxx/spfxstjxx
2026-09-16,增城区,18559,1814577.51,39895,4097309.51,32,3052.63,2492,297315.11,8676,1380048.17,1,85.39,2145,205733.32,7360,794715.38,0,0.0,118834,1519876.6,224734,3123980.36,10,126.54,https://zfcj.gz.gov.cn/zfcj/tjxx/spfxstjxx
2026-09-16,天河区,4174,531178.3998,10896,1537697.5906,5,748.834,804,152150.5814,2593,1003069.3173,0,0.0,4747,547230.9227,13137,3123722.0932,0,0.0,23220,715046.5794,50065,1558820.0608,3,38.32,https://zfcj.gz.gov.cn/zfcj/tjxx/spfxstjxx
2026-09-16,海珠区,3359,451180.1029,5162,671091.4501,6,712.414,1336,287529.9439,4755,1326837.7087,0,0.0,1601,437094.4513,7150,1706709.9654,1,58.498,17149,512474.0622,38423,1001108.4308,1,12.72,https://zfcj.gz.gov.cn/zfcj/tjxx/spfxstjxx
2026-09-16,番禺区,9918,1333509.4773,18524,2496001.2797,21,2359.19,3424,400707.9409,8305,1353867.3828,0,0.0,3295,410624.312,7812,838648.2434,3,108.2076,110605,2287372.058,146229,2950412.5314,6,88.846,https://zfcj.gz.gov.cn/zfcj/tjxx/spfxstjxx
2026-09-16,白云区,7508,811979.9551,11806,1279240.4122,10,1024.6404,906,175563.7487,2723,636742.6905,0,0.0,6440,688419.2513,12711,1498002.3085,5,191.8642,31655,872311.0369,45624,1429352.9304,16,204.552,https://zfcj.gz.gov.cn/zfcj/tjxx/spfxstjxx
2026-09-16,花都区,7815,901952.7618,19439,2307273.0715,27,2914.2683,766,122567.2823,5406,1387899.4255,0,0.0,267,82540.2653,2227,261440.6804,0,0.0,30369,549344.99,82658,1413547.8195,4,52.148,https://zfcj.gz.gov.cn/zfcj/tjxx/spfxstjxx
2026-09-16,荔湾区,6200,741775.9539,8888,1026528.8116,5,542.9945,1675,185750.3507,7293,965480.6482,0,0.0,1714,165271.162,5284,450360.8958,1,68.4309,24208,1119277.0125,45877,1715566.5364,8,106.8975,https://zfcj.gz.gov.cn/zfcj/tjxx/spfxstjxx
2026-09-16,越秀区,415,49057.7385,1743,225100.1526,0,0.0,438,79366.3187,1836,419865.9458,1,33.2134,341,28272.3495,2039,345539.7755,0,0.0,1237,37577.3705,4912,187155.4652,1,12.6,https://zfcj.gz.gov.cn/zfcj/tjxx/spfxstjxx
2026-09-16,黄埔区,8471,994381.9284,20793,2563707.1528,22,2754.3892,1078,208007.0514,5907,1215049.4579,0,0.0,3177,491661.9738,11953,2006105.0461,1,95.7056,57803,1426274.1284,118746,2841380.8474,11,139.826,https://zfcj.gz.gov.cn/zfcj/tjxx/spfxstjxx
2026-09-17,从化区,3133,335126.5751,11045,1371268.0254,5,520.99,399,39835.891,2947,346834.7651,1,38.0,6,480.11,765,98824.48,0,0.0,19350,367697.6419,35051,810960.4803,1,12.72,https://zfcj.gz.gov.cn/zfcj/tjxx/spfxstjxx
2026-09-17,南沙区,12451,1405058.1473,27476,3047766.6679,13,1368.1872,2948,307626.3398,4748,680283.9167,1,18.7244,2454,308209.7868,6861,931201.8015,0,0.0,84062,1196156.0143,109207,2402440.856,2,26.47,https://zfcj.gz.gov.cn/zfcj/tjxx/spfxstjxx
2026-09-17,增城区,18536,1812132.75,39866,4094221.25,29,3063.15,2484,296738.73,8668,1379471.79,8,576.38,2145,205733.32,7360,794715.38,1,32.3,118833,1519866.41,224730,3123932.95,26,335.41,https://zfcj.gz.gov.cn/zfcj/tjxx/spfxstjxx
2026-09-17,天河区,4173,531060.9894,10894,1537454.5117,2,243.0789,822,152640.0248,2593,1003069.3173,0,0.0,4747,547230.9227,13137,3123722.0932,0,0.0,23218,715021.1394,50063,1558794.6208,2,25.44,https://zfcj.gz.gov.cn/zfcj/tjxx/spfxstjxx
2026-09-17,海珠区,3350,449176.2751,5160,670729.2268,3,559.2597,1336,287529.9439,4755,1326837.7087,0,0.0,1605,439455.6925,7147,1706601.7635,3,108.9998,17144,512408.3522,38418,1001042.7208,5,65.71,https://zfcj.gz.gov.cn/zfcj/tjxx/spfxstjxx
2026-09-17,番禺区,9905,1332140.4173,18509,2494469.8197,15,1531.46,3423,400660.4848,8304,1353819.9267,1,47.4561,3296,410673.4661,7813,838697.3975,0,0.0,110592,2287206.867,146216,2950247.3404,14,177.911,https://zfcj.gz.gov.cn/zfcj/tjxx/spfxstjxx
2026-09-17,白云区,7491,809996.6246,11973,1293713.5702,20,2331.7746,906,175563.7487,2723,636742.6905,0,0.0,6439,688368.8841,12710,1497951.9413,1,50.3672,31646,872196.0269,45611,1429185.4504,13,167.48,https://zfcj.gz.gov.cn/zfcj/tjxx/spfxstjxx
2026-09-17,花都区,7933,914299.176,19426,2305821.8299,11,1160.1716,766,122567.2823,5406,1387899.4255,0,0.0,267,82540.2653,2227,261440.6804,0,0.0,30347,548811.962,82630,1412924.3395,28,623.48,https://zfcj.gz.gov.cn/zfcj/tjxx/spfxstjxx
2026-09-17,荔湾区,6196,741291.7595,8884,1026044.6172,4,484.1944,1675,185750.3507,7293,965480.6482,0,0.0,1714,165271.162,5284,450360.8958,0,0.0,24200,1119174.6525,45868,1715447.3764,9,119.16,https://zfcj.gz.gov.cn/zfcj/tjxx/spfxstjxx
2026-09-17,越秀区,415,49057.7385,1743,225100.1526,0,0.0,438,79366.3187,1836,419865.9458,0,0.0,341,28272.3495,2039,345539.7755,0,0.0,1237,37577.3705,4912,187155.4652,0,0.0,https://zfcj.gz.gov.cn/zfcj/tjxx/spfxstjxx
2026-09-17,黄埔区,8639,1011264.7716,20770,2561003.2757,23,2703.8771,1078,208007.0514,5907,1215049.4579,0,0.0,3177,491661.9738,11953,2006105.0461,0,0.0,57800,1426234.2764,118742,2841331.5354,4,49.312,https://zfcj.gz.gov.cn/zfcj/tjxx/spfxstjxx
2026-09-20,从化区,3265,350117.0151,11027,1369421.2854,7,659.51,385,38720.551,2933,345719.4251,0,0.0,6,480.11,765,98824.48,0,0.0,19335,367511.5219,35035,810761.6403,1,12.72,https://zfcj.gz.gov.cn/zfcj/tjxx/spfxstjxx
2026-09-20,南沙区,12390,1398855.953,27448,3044458.9562,8,953.3127,2947,307589.8435,4747,680247.4204,0,0.0,2443,307811.24,6850,930803.2547,0,0.0,84049,1195990.6543,110186,2378229.906,4,50.88,https://zfcj.gz.gov.cn/zfcj/tjxx/spfxstjxx
2026-09-20,增城区,18445,1803284.91,39937,4101318.09,36,3417.3,2486,296813.1,8665,1379107.14,3,364.65,2144,205524.2,7359,794506.26,1,209.12,118684,1517907.92,224574,3121873.19,67,876.29,https://zfcj.gz.gov.cn/zfcj/tjxx/spfxstjxx
2026-09-20,天河区,4298,572555.7157,11295,1618764.1857,17,1627.9507,817,152419.6192,2586,1002805.2361,2,42.9127,4756,547657.2044,13136,3123680.6038,0,0.0,23216,714995.6994,50042,1558531.2108,19,237.97,https://zfcj.gz.gov.cn/zfcj/tjxx/spfxstjxx
2026-09-20,海珠区,3328,446388.4418,5191,676839.6428,5,652.264,1337,290980.998,4755,1326837.7087,0,0.0,1595,438376.6539,7137,1705522.7249,2,67.4724,17127,512188.4547,38401,1000822.8233,3,38.69,https://zfcj.gz.gov.cn/zfcj/tjxx/spfxstjxx
2026-09-20,番禺区,9741,1311274.7983,18669,2522943.7407,22,2671.88,3422,400623.3148,8303,1353782.7567,0,0.0,3305,411109.6817,7816,838853.5424,1,35.4226,111541,2303533.2836,147164,2936423.597,12,153.5116,https://zfcj.gz.gov.cn/zfcj/tjxx/spfxstjxx
2026-09-20,白云区,7442,804470.5115,11920,1287699.5543,11,1180.9186,900,175039.4488,2717,636218.3906,5,454.209,6432,684445.9353,12703,1494028.9925,7,3922.9488,31588,871425.3946,45549,1428363.9381,62,785.392,https://zfcj.gz.gov.cn/zfcj/tjxx/spfxstjxx
2026-09-20,花都区,8135,934627.7088,19356,2297365.6477,19,1994.225,773,122834.9514,5404,1387723.5932,0,0.0,267,82540.2653,2227,261440.6804,0,0.0,30325,548523.35,83001,1417700.0243,9,116.1974,https://zfcj.gz.gov.cn/zfcj/tjxx/spfxstjxx
2026-09-20,荔湾区,6179,739005.0984,8864,1023433.4872,5,762.1843,1674,185703.7461,7291,965379.3812,0,0.0,1711,165118.7113,5281,450208.4451,0,0.0,24150,1118517.8625,45806,1714628.7696,33,423.6614,https://zfcj.gz.gov.cn/zfcj/tjxx/spfxstjxx
2026-09-20,越秀区,414,48923.9555,1742,224966.3696,0,0.0,438,79366.3187,1836,419865.9458,0,0.0,339,28165.5474,2037,345432.9734,1,52.9304,1237,37577.3705,4912,187155.4652,0,0.0,https://zfcj.gz.gov.cn/zfcj/tjxx/spfxstjxx
2026-09-20,黄埔区,8854,1039348.6695,20700,2553818.5931,10,1120.0462,1077,207957.5389,5906,1214999.9454,0,0.0,3173,491447.995,11949,2005891.0673,2,134.3811,55992,1403057.4678,118223,2834625.0882,171,2194.9926,https://zfcj.gz.gov.cn/zfcj/tjxx/spfxstjxx
