post_id,publish_date,updated_date,project_name,district,address,units,area_sqm,avg_price_building,avg_price_inner,list_title,source_org,source_url
3921402,2026-07-03,2026-06-24,中珠领域花苑,金湾区,珠海市金湾区红旗镇顺达路318号,26,2583.11,10042.12,12855.98,珠海市商品住房销售价格备案公示表（中珠领域花苑1、3、4栋26套）,珠海市住房和城乡建设局,https://zjj.zhuhai.gov.cn/zjj/hygl/ywgsgg/spfjgbags/content/post_3921402.html
3921401,2026-07-03,2026-06-24,中海寰御时代公馆,香洲区,珠海市香洲区金苑路29号、金苑路30号、金兴路39号、金苑路88号,41,5274.98,40732.47,49892.02,珠海市商品住房销售价格备案公示表（中海寰御时代-金兴39号2、3、5-...,珠海市住房和城乡建设局,https://zjj.zhuhai.gov.cn/zjj/hygl/ywgsgg/spfjgbags/content/post_3921401.html
3921393,2026-07-03,2026-06-30,颐璟名庭,其他,珠海市北城西二路300号,30,2721.77,16958.39,22221.13,珠海市商品住房销售价格备案公示表（颐璟名庭2、3、4栋30套）,珠海市住房和城乡建设局,https://zjj.zhuhai.gov.cn/zjj/hygl/ywgsgg/spfjgbags/content/post_3921393.html
3921389,2026-07-03,2026-06-24,五洲家园,斗门区,珠海市斗门区白藤四路88号,3,306.34,16897.78,20137.98,珠海市商品住房销售价格备案公示表（五洲家园20栋3套）,珠海市住房和城乡建设局,https://zjj.zhuhai.gov.cn/zjj/hygl/ywgsgg/spfjgbags/content/post_3921389.html
3921387,2026-07-03,2026-06-30,天澜花园,斗门区,珠海市斗门区秀湖路417号,44,5616.2,14305.91,17509.97,珠海市商品住房销售价格备案公示表（天澜花园7栋）,珠海市住房和城乡建设局,https://zjj.zhuhai.gov.cn/zjj/hygl/ywgsgg/spfjgbags/content/post_3921387.html
3921381,2026-07-03,2026-06-22,天澜花园,斗门区,珠海市斗门区秀湖路417号,15,1778.81,13488.09,16408.78,珠海市商品住房销售价格备案公示表（天澜花园3、6、12、15栋15套）,珠海市住房和城乡建设局,https://zjj.zhuhai.gov.cn/zjj/hygl/ywgsgg/spfjgbags/content/post_3921381.html
3921377,2026-07-03,2026-06-23,双瑞藏珑湾花园,香洲区,珠海市香洲区沿海路188号,12,1500.31,31965.47,40940.85,珠海市商品住房销售价格备案公示表（双瑞藏珑湾花园3、6栋12套）,珠海市住房和城乡建设局,https://zjj.zhuhai.gov.cn/zjj/hygl/ywgsgg/spfjgbags/content/post_3921377.html
3921371,2026-07-03,2026-06-29,仁恒滨海湾花园,香洲区,珠海市香洲区田馆北路68号,27,3128.87,26278.55,32577.94,珠海市商品住房销售价格备案公示表（仁恒滨海湾花园二期A3、4、6、8栋...,珠海市住房和城乡建设局,https://zjj.zhuhai.gov.cn/zjj/hygl/ywgsgg/spfjgbags/content/post_3921371.html
3921369,2026-07-03,2026-07-01,浅水湾山庄,香洲区,珠海市香洲区神前路6号,1,184.93,35959.55,40920.56,珠海市商品住房销售价格备案公示表（浅水湾山庄33栋1套）,珠海市住房和城乡建设局,https://zjj.zhuhai.gov.cn/zjj/hygl/ywgsgg/spfjgbags/content/post_3921369.html
3921366,2026-07-03,2026-06-30,邻礼园,香洲区,珠海市香洲区园明路225号,135,13366.38,30394.49,39104.49,珠海市商品住房销售价格备案公示表（邻礼园1、2栋135套）,珠海市住房和城乡建设局,https://zjj.zhuhai.gov.cn/zjj/hygl/ywgsgg/spfjgbags/content/post_3921366.html
3921365,2026-07-03,2026-06-30,家人悦园,香洲区,珠海市香洲区翠珠四街289号,31,2700.19,23898,30279.6,珠海市商品住房销售价格备案公示表（家人悦园1、4栋31套）,珠海市住房和城乡建设局,https://zjj.zhuhai.gov.cn/zjj/hygl/ywgsgg/spfjgbags/content/post_3921365.html
3921364,2026-07-03,2026-06-23,家人乐府,香洲区,珠海市香洲区翠平街133号,7,657.73,28507.85,36051.66,珠海市商品住房销售价格备案公示表（家人乐府1栋7套）,珠海市住房和城乡建设局,https://zjj.zhuhai.gov.cn/zjj/hygl/ywgsgg/spfjgbags/content/post_3921364.html
3921361,2026-07-03,2026-06-29,惠景润园,高新区,珠海市高新区金创一路55号,50,4823.6,19432.71,24097.8,珠海市商品住房销售价格备案公示表（惠景润园2栋50套）,珠海市住房和城乡建设局,https://zjj.zhuhai.gov.cn/zjj/hygl/ywgsgg/spfjgbags/content/post_3921361.html
3921360,2026-07-03,2026-07-01,华发琴悦湾花园（32#地块）,横琴,横琴粤澳深度合作区富琴道188号,2,306.7,38335.03,46617.32,珠海市商品住房销售价格备案公示表（华发琴悦湾花园32#地块1、2栋2套...,珠海市住房和城乡建设局,https://zjj.zhuhai.gov.cn/zjj/hygl/ywgsgg/spfjgbags/content/post_3921360.html
3921357,2026-07-03,2026-06-16,华发城建国际海岸花园13#地块,香洲区,珠海市香洲区景秀四路669号,400,24711.94,25186.42,34682.31,珠海市商品住房销售价格备案公示表（华发城建国际海岸花园13#地块1栋）,珠海市住房和城乡建设局,https://zjj.zhuhai.gov.cn/zjj/hygl/ywgsgg/spfjgbags/content/post_3921357.html
3921356,2026-07-03,2026-06-30,红城云台,金湾区,珠海市金湾区安学路133号,148,15032.04,10153.62,12583.27,珠海市商品住房销售价格备案公示表（红城云台1、2、6栋）,珠海市住房和城乡建设局,https://zjj.zhuhai.gov.cn/zjj/hygl/ywgsgg/spfjgbags/content/post_3921356.html
3921352,2026-07-03,2026-06-23,翠湖香山国际花园-低层,高新区,珠海市高新区林栖巷520号,1,661.84,52505.93,53693.64,珠海市商品住房销售价格备案公示表（翠湖香山国际花园-低层14栋1套）,珠海市住房和城乡建设局,https://zjj.zhuhai.gov.cn/zjj/hygl/ywgsgg/spfjgbags/content/post_3921352.html
3921350,2026-07-03,2026-06-23,翠湖香山国际花园,高新区,珠海市高新区林栖巷520号,9,5806.56,40663.84,42273.06,珠海市商品住房销售价格备案公示表（翠湖香山国际花园-低层10、15、1...,珠海市住房和城乡建设局,https://zjj.zhuhai.gov.cn/zjj/hygl/ywgsgg/spfjgbags/content/post_3921350.html
3921340,2026-07-03,2026-06-29,城市溪谷花园,香洲区,珠海市香洲区神前路536号,23,3103.33,28585.25,34703.1,珠海市商品住房销售价格备案公示表（城市溪谷花园3栋23套）,珠海市住房和城乡建设局,https://zjj.zhuhai.gov.cn/zjj/hygl/ywgsgg/spfjgbags/content/post_3921340.html
3921334,2026-07-03,2026-07-01,北站宝龙广场C地块,高新区,珠海市高新区北城西一路288号C区,1,66.79,14322.67,18779.17,珠海市商品住房销售价格备案公示表（北站宝龙广场C地块4栋1套）,珠海市住房和城乡建设局,https://zjj.zhuhai.gov.cn/zjj/hygl/ywgsgg/spfjgbags/content/post_3921334.html
3920127,2026-06-30,2026-06-15,粤海拾桂府(F区域),金湾区,珠海市金湾区泰熙街338号、泰熙街39号、泰熙街40号,298,23793.87,17202.77,22105.17,珠海市商品住房销售价格备案公示表（粤海拾桂苑F区3、4栋；C1、2、4...,珠海市住房和城乡建设局,https://zjj.zhuhai.gov.cn/zjj/hygl/ywgsgg/spfjgbags/content/post_3920127.html
3920125,2026-06-30,2026-06-16,印象香山花园,香洲区,珠海市香洲区心华路388号,16,1638.63,34564.07,43706.67,珠海市商品住房销售价格备案公示表（印象香山花园1、2、3栋16套）,珠海市住房和城乡建设局,https://zjj.zhuhai.gov.cn/zjj/hygl/ywgsgg/spfjgbags/content/post_3920125.html
3920123,2026-06-30,2026-06-18,星河湖山春晓花园,斗门区,珠海市斗门区乾糖路593号,5,474.3,9191.63,11152.7,珠海市商品住房销售价格备案公示表（星河湖山春晓花园-593号9、10栋...,珠海市住房和城乡建设局,https://zjj.zhuhai.gov.cn/zjj/hygl/ywgsgg/spfjgbags/content/post_3920123.html
3920121,2026-06-30,2026-06-18,西湖湿地国际花园项目二期4-05、4-06合并地块A区,金湾区,珠海市金湾区岭峰路81号,7,802.73,20077.77,25172.24,珠海市商品住房销售价格备案公示表（西湖湿地国际花园-81号1、11栋7...,珠海市住房和城乡建设局,https://zjj.zhuhai.gov.cn/zjj/hygl/ywgsgg/spfjgbags/content/post_3920121.html
3920119,2026-06-30,2026-06-18,西湖湿地国际花园项目二期3-04地块A区,金湾区,珠海市金湾区三灶镇岭峰路78号,2,221.84,19299.59,24563.52,珠海市商品住房销售价格备案公示表（西湖湿地国际花园-78号2、5栋2套...,珠海市住房和城乡建设局,https://zjj.zhuhai.gov.cn/zjj/hygl/ywgsgg/spfjgbags/content/post_3920119.html
3920117,2026-06-30,2026-06-18,西湖湿地国际花园项目二期4-02地块B区,金湾区,珠海市金湾区秀峰街88号,3,1620.89,29899.62,31138.93,珠海市商品住房销售价格备案公示表（西湖湿地国际-88号17、24、47...,珠海市住房和城乡建设局,https://zjj.zhuhai.gov.cn/zjj/hygl/ywgsgg/spfjgbags/content/post_3920117.html
3920116,2026-06-30,2026-06-18,五洲花城二期西区,香洲区,珠海市香洲区文园路199号,1,189.74,47000,59191.42,珠海市商品住房销售价格备案公示表（五洲花城二期西区8栋1套）,珠海市住房和城乡建设局,https://zjj.zhuhai.gov.cn/zjj/hygl/ywgsgg/spfjgbags/content/post_3920116.html
3920115,2026-06-30,2026-06-15,天澜花园,斗门区,珠海市斗门区秀湖路417号,22,2032.71,11447.04,14549.37,珠海市商品住房销售价格备案公示表（天澜花园4、11栋22套）,珠海市住房和城乡建设局,https://zjj.zhuhai.gov.cn/zjj/hygl/ywgsgg/spfjgbags/content/post_3920115.html
3920114,2026-06-30,2026-06-18,璞樾花园-翠湖路469号,斗门区,珠海市斗门区翠湖路469号,1,141.06,14433.33,17699.43,珠海市商品住房销售价格备案公示表（璞樾花园-翠湖路469号5栋1套）,珠海市住房和城乡建设局,https://zjj.zhuhai.gov.cn/zjj/hygl/ywgsgg/spfjgbags/content/post_3920114.html
3920113,2026-06-30,2026-06-15,明溪花园,香洲区,香洲区创源路668号,15,1423.05,22771.91,28242.86,珠海市商品住房销售价格备案公示表（明溪花园5栋15套）,珠海市住房和城乡建设局,https://zjj.zhuhai.gov.cn/zjj/hygl/ywgsgg/spfjgbags/content/post_3920113.html
3920111,2026-06-30,2026-06-18,岭域广场,斗门区,珠海市斗门区秀湖路356号,34,3419.47,10495.43,13646.81,珠海市商品住房销售价格备案公示表（岭域广场E区5-9栋；C区3、5栋3...,珠海市住房和城乡建设局,https://zjj.zhuhai.gov.cn/zjj/hygl/ywgsgg/spfjgbags/content/post_3920111.html
3920110,2026-06-30,2026-06-17,邻礼园,香洲区,珠海市香洲区致远路东侧、园明纵路西侧,74,8999.29,31847.6,40671.94,珠海市商品住房销售价格备案公示表（邻礼园3栋74套）,珠海市住房和城乡建设局,https://zjj.zhuhai.gov.cn/zjj/hygl/ywgsgg/spfjgbags/content/post_3920110.html
3920109,2026-06-30,2026-06-17,金骏大厦,其他,拱北迎宾南路西侧、粤海东路北侧,9,745.56,37831.77,50204.44,珠海市商品住房销售价格备案公示表（金骏大厦9套）,珠海市住房和城乡建设局,https://zjj.zhuhai.gov.cn/zjj/hygl/ywgsgg/spfjgbags/content/post_3920109.html
3920108,2026-06-30,2026-06-22,家人乐府,香洲区,珠海市香洲区翠平街133号,7,657.73,28507.85,36051.66,珠海市商品住房销售价格备案公示表（家人乐府1栋7套）,珠海市住房和城乡建设局,https://zjj.zhuhai.gov.cn/zjj/hygl/ywgsgg/spfjgbags/content/post_3920108.html
3920102,2026-06-30,2026-06-16,华发天茂半岛花园,金湾区,珠海市金湾区金河东路南侧、金辉路西侧,71,7124.98,19776,25396.41,珠海市商品住房销售价格备案公示表（华发天茂半岛花园35号1、9、18、...,珠海市住房和城乡建设局,https://zjj.zhuhai.gov.cn/zjj/hygl/ywgsgg/spfjgbags/content/post_3920102.html
3920095,2026-06-30,2026-06-16,华发城建国际海岸花园13#地块,香洲区,珠海市香洲区景秀四路669号,400,24711.94,25186.42,34682.31,珠海市商品住房销售价格备案公示表（华发城建国际海岸花园13#地块1栋）,珠海市住房和城乡建设局,https://zjj.zhuhai.gov.cn/zjj/hygl/ywgsgg/spfjgbags/content/post_3920095.html
3920085,2026-06-30,2026-06-18,湖心印象花园,斗门区,珠海市斗门区湖心路929号,22,2299.27,12572.14,15474.45,珠海市商品住房销售价格备案公示表（湖心印象花园1、6栋22套）,珠海市住房和城乡建设局,https://zjj.zhuhai.gov.cn/zjj/hygl/ywgsgg/spfjgbags/content/post_3920085.html
3920081,2026-06-30,2026-06-15,红树东岸花园,高新区,珠海市高新区金星路228号,10,1181.68,20386.23,25284.17,珠海市商品住房销售价格备案公示表（红树东岸花园29、30栋10套）,珠海市住房和城乡建设局,https://zjj.zhuhai.gov.cn/zjj/hygl/ywgsgg/spfjgbags/content/post_3920081.html
3920078,2026-06-30,2026-06-17,红树东岸花园,高新区,珠海市高新区金星路228号,1,151.16,23286.58,28234.54,珠海市商品住房销售价格备案公示表（红树东岸花园26栋1套）,珠海市住房和城乡建设局,https://zjj.zhuhai.gov.cn/zjj/hygl/ywgsgg/spfjgbags/content/post_3920078.html
3920072,2026-06-30,2026-06-15,都会四季广场-美兰路81号,香洲区,珠海市香洲区美兰路81号,3,206.52,24302.63,32311.72,珠海市商品住房销售价格备案公示表（都会四季广场-美兰路81号2栋3套）,珠海市住房和城乡建设局,https://zjj.zhuhai.gov.cn/zjj/hygl/ywgsgg/spfjgbags/content/post_3920072.html
3920071,2026-06-30,2026-06-18,北站宝龙广场,高新区,珠海市高新区北城西一路288号,24,1749.21,17890.47,23456.1,珠海市商品住房销售价格备案公示表（北站宝龙广场C4栋24套）,珠海市住房和城乡建设局,https://zjj.zhuhai.gov.cn/zjj/hygl/ywgsgg/spfjgbags/content/post_3920071.html
3916248,2026-06-18,,洲际豪庭三期,其他,平沙镇美平东路2233号,5,471.71,8302.41,10240.91,珠海市商品住房销售价格备案公示表（洲际豪庭三期13栋5套）,珠海市住房和城乡建设局,https://zjj.zhuhai.gov.cn/zjj/hygl/ywgsgg/spfjgbags/content/post_3916248.html
3916246,2026-06-18,,洲际豪庭三期,其他,平沙镇美平东路2233号,1,116.00,7010,8563.18,珠海市商品住房销售价格备案公示表（洲际豪庭三期8栋1套）,珠海市住房和城乡建设局,https://zjj.zhuhai.gov.cn/zjj/hygl/ywgsgg/spfjgbags/content/post_3916246.html
3916244,2026-06-18,2026-06-09,忠信海畔湾居,金湾区,珠海市金湾区三灶镇金岛路1399号,3,277.68,14660.67,19629.56,珠海市商品住房销售价格备案公示表（忠信海畔湾居4栋3套）,珠海市住房和城乡建设局,https://zjj.zhuhai.gov.cn/zjj/hygl/ywgsgg/spfjgbags/content/post_3916244.html
3916242,2026-06-18,2026-06-09,五洲东方墅花园,斗门区,珠海市斗门区井岸镇尖峰南珠峰大道西,12,1141.1,13749.34,17317.57,珠海市商品住房销售价格备案公示表（五洲东方墅花园11、12栋12套）,珠海市住房和城乡建设局,https://zjj.zhuhai.gov.cn/zjj/hygl/ywgsgg/spfjgbags/content/post_3916242.html
3916239,2026-06-18,2026-06-08,世荣尚观花园,斗门区,珠海市斗门区井岸镇西堤路1935号,272,31420.16,13441.74,16873.31,珠海市商品住房销售价格备案公示表（世荣尚观花园1、10、11、16、1...,珠海市住房和城乡建设局,https://zjj.zhuhai.gov.cn/zjj/hygl/ywgsgg/spfjgbags/content/post_3916239.html
3916228,2026-06-18,2026-06-08,世荣峰景广场1-,斗门区,珠海市斗门区河锦大道418号,189,17673.04,13386.82,17140.18,珠海市商品住房销售价格备案公示表（世荣峰景广场1-5栋189套）,珠海市住房和城乡建设局,https://zjj.zhuhai.gov.cn/zjj/hygl/ywgsgg/spfjgbags/content/post_3916228.html
3916224,2026-06-18,2026-06-04,南湾花园,香洲区,珠海市香洲区珠海大道1123号,3,530.29,57355.44,68756.25,珠海市商品住房销售价格备案公示表（南湾花园21、27栋3套）,珠海市住房和城乡建设局,https://zjj.zhuhai.gov.cn/zjj/hygl/ywgsgg/spfjgbags/content/post_3916224.html
3916223,2026-06-18,2026-06-04,南湾花园,香洲区,珠海市香洲区珠海大道1123号,51,5052.49,31340.93,40010.95,珠海市商品住房销售价格备案公示表（南湾花园1、3、7、9、11-13、...,珠海市住房和城乡建设局,https://zjj.zhuhai.gov.cn/zjj/hygl/ywgsgg/spfjgbags/content/post_3916223.html
3916221,2026-06-18,2026-06-15,绿景玺悦湾花园北区,香洲区,珠海市香洲区悦湾路66号,1,225.84,35289.69,47445.08,珠海市商品住房销售价格备案公示表（绿景玺悦湾花园北区5栋1套）,珠海市住房和城乡建设局,https://zjj.zhuhai.gov.cn/zjj/hygl/ywgsgg/spfjgbags/content/post_3916221.html
3916218,2026-06-18,2026-06-03,绿景玺悦湾花园北区,香洲区,珠海市香洲区悦湾路66号,2,418.87,42689.51,54187.56,珠海市商品住房销售价格备案公示表（绿景玺悦湾花园北区1、8栋2套）,珠海市住房和城乡建设局,https://zjj.zhuhai.gov.cn/zjj/hygl/ywgsgg/spfjgbags/content/post_3916218.html
3916208,2026-06-18,2026-06-10,玖悦湾府,高新区,珠海市高新区前岛环路1238号,22,2239.6,26219.84,33638.25,珠海市商品住房销售价格备案公示表（玖悦湾府1、2栋22套）,珠海市住房和城乡建设局,https://zjj.zhuhai.gov.cn/zjj/hygl/ywgsgg/spfjgbags/content/post_3916208.html
3916206,2026-06-18,2026-06-08,京华假日湾花园C区一期,金湾区,珠海市金湾区平沙镇紫园东路449号,14,1517.78,8590.16,11243.02,珠海市商品住房销售价格备案公示表（京华假日湾花园C区2、5、10-13...,珠海市住房和城乡建设局,https://zjj.zhuhai.gov.cn/zjj/hygl/ywgsgg/spfjgbags/content/post_3916206.html
3916205,2026-06-18,2026-06-09,家人乐府,香洲区,香洲区人民西路南侧、明珠路东侧1#地块,2,177.27,29606.85,38217.48,珠海市商品住房销售价格备案公示表（家人乐府2栋2套）,珠海市住房和城乡建设局,https://zjj.zhuhai.gov.cn/zjj/hygl/ywgsgg/spfjgbags/content/post_3916205.html
3916203,2026-06-18,2026-06-09,鸿吉府,金湾区,珠海市金湾区南水镇铁炉北路277号,2,177.92,7000,8861.19,珠海市商品住房销售价格备案公示表（鸿吉府2、3栋2套）,珠海市住房和城乡建设局,https://zjj.zhuhai.gov.cn/zjj/hygl/ywgsgg/spfjgbags/content/post_3916203.html
3916198,2026-06-18,2026-06-03,海纳花园,金湾区,珠海市金湾区平沙镇庆平路883号,249,21007.91,9043.11,12116.38,珠海市商品住房销售价格备案公示表（海纳花园8、11、12栋249套）,珠海市住房和城乡建设局,https://zjj.zhuhai.gov.cn/zjj/hygl/ywgsgg/spfjgbags/content/post_3916198.html
3916197,2026-06-18,2026-06-15,港湾商务中心,高新区,珠海市高新区前湾二路399号,1,51.44,34718.25,47459.66,珠海市商品住房销售价格备案公示表（港湾商务中心1栋1套）,珠海市住房和城乡建设局,https://zjj.zhuhai.gov.cn/zjj/hygl/ywgsgg/spfjgbags/content/post_3916197.html
3916183,2026-06-18,2026-06-03,峰泽丽苑,斗门区,珠海市斗门区达丽街93号,1,96.81,6972.42,9194.93,珠海市商品住房销售价格备案公示表（峰泽丽苑2栋1套）,珠海市住房和城乡建设局,https://zjj.zhuhai.gov.cn/zjj/hygl/ywgsgg/spfjgbags/content/post_3916183.html
3916176,2026-06-18,2026-06-03,德昌盛景花园,斗门区,珠海市斗门区白藤七路1018号,44,4656.77,12193.85,15602.86,珠海市商品住房销售价格备案公示表（德昌盛景花园8栋44套）,珠海市住房和城乡建设局,https://zjj.zhuhai.gov.cn/zjj/hygl/ywgsgg/spfjgbags/content/post_3916176.html
3912115,2026-06-04,2026-05-28,中海寰御时代公馆,其他,十字门中央商务区湾仔片区金碧路东侧、南湾大道南侧、会展四路西侧、情侣南路北侧,63,8605.46,39738.71,49269.74,珠海市商品住房销售价格备案公示表（中海寰御时代-金兴39号2-4、7-...,珠海市住房和城乡建设局,https://zjj.zhuhai.gov.cn/zjj/hygl/ywgsgg/spfjgbags/content/post_3912115.html
3912111,2026-06-04,2026-05-29,云玺花园,高新区,珠海市高新区荟湾路66号,31,4074.11,21672.45,26905.47,珠海市商品住房销售价格备案公示表（云玺花园4栋31套）,珠海市住房和城乡建设局,https://zjj.zhuhai.gov.cn/zjj/hygl/ywgsgg/spfjgbags/content/post_3912111.html
3912108,2026-06-04,2026-05-22,颐璟名庭,其他,珠海市北城西二路300号,58,5171.15,15738.17,20695.55,珠海市商品住房销售价格备案公示表（颐璟名庭2、3、4栋58套）,珠海市住房和城乡建设局,https://zjj.zhuhai.gov.cn/zjj/hygl/ywgsgg/spfjgbags/content/post_3912108.html
3912106,2026-06-04,2026-05-25,旭日御龙花园2、3、9、10栋,斗门区,珠海市斗门区濠冲路268号,76,8037.33,7339.29,9283.87,珠海市商品住房销售价格备案公示表（旭日御龙花园2、3、9、10栋76套...,珠海市住房和城乡建设局,https://zjj.zhuhai.gov.cn/zjj/hygl/ywgsgg/spfjgbags/content/post_3912106.html
3912105,2026-06-04,2026-05-28,五洲家园,斗门区,珠海市斗门区白藤四路88号,1,108.48,21256.28,26301.83,珠海市商品住房销售价格备案公示表（五洲家园29栋1套）,珠海市住房和城乡建设局,https://zjj.zhuhai.gov.cn/zjj/hygl/ywgsgg/spfjgbags/content/post_3912105.html
3912104,2026-06-04,2026-05-22,未来都市花园,斗门区,珠海市斗门区秀湖路832号,77,8227.5,11714.97,14762.65,珠海市商品住房销售价格备案公示表（未来都市花园8、9栋77套）,珠海市住房和城乡建设局,https://zjj.zhuhai.gov.cn/zjj/hygl/ywgsgg/spfjgbags/content/post_3912104.html
3912100,2026-06-04,2026-05-19,山水名苑三期,其他,珠海大道南侧、洪湾涌西侧,27,3664.31,17083.58,21731.87,珠海市商品住房销售价格备案公示表（山水名苑三期2、3栋共27套）,珠海市住房和城乡建设局,https://zjj.zhuhai.gov.cn/zjj/hygl/ywgsgg/spfjgbags/content/post_3912100.html
3912099,2026-06-04,2026-05-19,仁恒滨海湾花园一期A-,香洲区,珠海市香洲区中山公园路88号,2,147.88,25976.33,35394.64,珠海市商品住房销售价格备案公示表（仁恒滨海湾花园一期A-1栋2套）,珠海市住房和城乡建设局,https://zjj.zhuhai.gov.cn/zjj/hygl/ywgsgg/spfjgbags/content/post_3912099.html
3912097,2026-06-04,2026-05-19,仁恒滨海湾花园,香洲区,珠海市香洲区田馆北路68号,48,5308.55,26134.13,32514.24,珠海市商品住房销售价格备案公示表（仁恒滨海湾花园二期A3、4、6、8栋...,珠海市住房和城乡建设局,https://zjj.zhuhai.gov.cn/zjj/hygl/ywgsgg/spfjgbags/content/post_3912097.html
3912095,2026-06-04,2026-05-19,南湾花园,香洲区,珠海市香洲区珠海大道1123号,120,18745.8,35294.12,46843.43,珠海市商品住房销售价格备案公示表（南湾花园10栋）,珠海市住房和城乡建设局,https://zjj.zhuhai.gov.cn/zjj/hygl/ywgsgg/spfjgbags/content/post_3912095.html
3912094,2026-06-04,2026-05-19,漫舒溪里广场,香洲区,珠海市香洲区梅界路1189号,11,1284.62,18883.8,25378.73,珠海市商品住房销售价格备案公示表（漫舒溪里广场1、3、4栋11套）,珠海市住房和城乡建设局,https://zjj.zhuhai.gov.cn/zjj/hygl/ywgsgg/spfjgbags/content/post_3912094.html
3912093,2026-06-04,2026-05-22,金逸豪苑1-,斗门区,珠海市斗门区乾务镇新城大道5003号,102,8965.9,8127.97,10238.54,珠海市商品住房销售价格备案公示表（金逸豪苑1-4栋102套）,珠海市住房和城乡建设局,https://zjj.zhuhai.gov.cn/zjj/hygl/ywgsgg/spfjgbags/content/post_3912093.html
3912090,2026-06-04,2026-05-28,家人悦园,香洲区,珠海市香洲区翠珠四街289号,21,1939.45,24699.61,31299.56,珠海市商品住房销售价格备案公示表（家人悦园1、4栋21套）,珠海市住房和城乡建设局,https://zjj.zhuhai.gov.cn/zjj/hygl/ywgsgg/spfjgbags/content/post_3912090.html
3912088,2026-06-04,2026-05-25,华发香山湖畔苑,香洲区,珠海市香洲区劳动路99号,20,3123.1,42527.66,56904.58,珠海市商品住房销售价格备案公示表（华发香山湖畔苑1、2栋20套）,珠海市住房和城乡建设局,https://zjj.zhuhai.gov.cn/zjj/hygl/ywgsgg/spfjgbags/content/post_3912088.html
3912079,2026-06-04,2026-05-25,华发天汇广场368号,金湾区,珠海市金湾区科工路东侧、金河东路北侧（金湾区泰熙街368号）,58,5175.94,18477.43,23421.53,珠海市商品住房销售价格备案公示表（华发天汇广场368号7栋58套）,珠海市住房和城乡建设局,https://zjj.zhuhai.gov.cn/zjj/hygl/ywgsgg/spfjgbags/content/post_3912079.html
3912034,2026-06-04,2026-05-28,红树东岸花园,高新区,珠海市高新区金星路228号,1,671.53,26038.02,26754.36,珠海市商品住房销售价格备案公示表（红树东岸花园146栋1套）,珠海市住房和城乡建设局,https://zjj.zhuhai.gov.cn/zjj/hygl/ywgsgg/spfjgbags/content/post_3912034.html
3912025,2026-06-04,2026-05-25,红城云台,金湾区,珠海市金湾区安学路133号,148,15032.04,10153.62,12583.27,珠海市商品住房销售价格备案公示表（红城云台1、2、6栋）,珠海市住房和城乡建设局,https://zjj.zhuhai.gov.cn/zjj/hygl/ywgsgg/spfjgbags/content/post_3912025.html
3912024,2026-06-04,2026-05-28,港湾新花园C区1-,高新区,珠海市高新区金桂路366号,50,4120.49,18873.41,24114.76,珠海市商品住房销售价格备案公示表（港湾新花园C区1-4栋50套）,珠海市住房和城乡建设局,https://zjj.zhuhai.gov.cn/zjj/hygl/ywgsgg/spfjgbags/content/post_3912024.html
3912015,2026-06-04,2026-05-22,东方润园,金湾区,珠海市金湾区红旗镇虹晖一路39号,191,24392.94,10990.92,13722.91,珠海市商品住房销售价格备案公示表（东方润园13、15栋191套）,珠海市住房和城乡建设局,https://zjj.zhuhai.gov.cn/zjj/hygl/ywgsgg/spfjgbags/content/post_3912015.html
3912008,2026-06-04,2026-05-27,城市溪谷花园,香洲区,珠海市香洲区港湾大道西侧、神前路北侧,217,26001.54,30791.19,37514.14,珠海市商品住房销售价格备案公示表（城市溪谷花园2栋217套）,珠海市住房和城乡建设局,https://zjj.zhuhai.gov.cn/zjj/hygl/ywgsgg/spfjgbags/content/post_3912008.html
3911989,2026-06-04,2026-05-22,铂悦香山花园,香洲区,珠海市香洲区翠香街道梅华东路南侧、兴业路西侧,197,27786.42,47583.52,60533.91,珠海市商品住房销售价格备案公示表（铂悦香山花园1、2栋197套）,珠海市住房和城乡建设局,https://zjj.zhuhai.gov.cn/zjj/hygl/ywgsgg/spfjgbags/content/post_3911989.html
3911979,2026-06-04,2026-05-19,北站宝龙广场,高新区,珠海市高新区北城西一路288号、金业北路68号,3,246.33,17888.26,23314.37,珠海市商品住房销售价格备案公示表（北站宝龙广场C2栋；B4栋3套）,珠海市住房和城乡建设局,https://zjj.zhuhai.gov.cn/zjj/hygl/ywgsgg/spfjgbags/content/post_3911979.html
3909311,2026-05-26,2026-05-14,峰景麓苑,香洲区,珠海市香洲区华磁路160号,84,9833.04,26999.63,35351.88,珠海市商品住房销售价格备案公示表（峰景麓苑2栋）,珠海市住房和城乡建设局,https://zjj.zhuhai.gov.cn/zjj/hygl/ywgsgg/spfjgbags/content/post_3909311.html
3909308,2026-05-26,2026-05-20,凤凰公馆1-,香洲区,香洲区里神前南侧,11,1392.34,28158.19,35743.32,珠海市商品住房销售价格备案公示表（凤凰公馆1-4栋11套）,珠海市住房和城乡建设局,https://zjj.zhuhai.gov.cn/zjj/hygl/ywgsgg/spfjgbags/content/post_3909308.html
3909304,2026-05-26,2026-05-20,港恒花园,香洲区,珠海市香洲区前岛环路1239号,22,2113.35,18062.74,22731.84,珠海市商品住房销售价格备案公示表（港恒花园6、7、10栋22套）,珠海市住房和城乡建设局,https://zjj.zhuhai.gov.cn/zjj/hygl/ywgsgg/spfjgbags/content/post_3909304.html
3909297,2026-05-26,2026-05-20,海棠居,斗门区,珠海市斗门区霞峰路1068号,13,1536.83,8916.98,11534.09,珠海市商品住房销售价格备案公示表（海棠居1、2栋13套）,珠海市住房和城乡建设局,https://zjj.zhuhai.gov.cn/zjj/hygl/ywgsgg/spfjgbags/content/post_3909297.html
3909246,2026-05-26,2026-05-19,恒裕江山汇花园二期,斗门区,珠海市斗门区南湖路99号,182,17044.01,14508.16,18383.74,珠海市商品住房销售价格备案公示表（恒裕江山汇花园1、2、8、9、15-...,珠海市住房和城乡建设局,https://zjj.zhuhai.gov.cn/zjj/hygl/ywgsgg/spfjgbags/content/post_3909246.html
3909245,2026-05-26,2026-05-20,湖畔名轩1单元,斗门区,珠海市斗门区井岸镇尖峰南,1,110.73,10799,13253.97,珠海市商品住房销售价格备案公示表（湖畔名轩1单元1套）,珠海市住房和城乡建设局,https://zjj.zhuhai.gov.cn/zjj/hygl/ywgsgg/spfjgbags/content/post_3909245.html
3909244,2026-05-26,2026-05-15,湖心印象花园,斗门区,珠海市斗门区湖心路929号,13,1227.81,13482.04,16659.84,珠海市商品住房销售价格备案公示表（湖心印象花园1、6栋13套）,珠海市住房和城乡建设局,https://zjj.zhuhai.gov.cn/zjj/hygl/ywgsgg/spfjgbags/content/post_3909244.html
3909237,2026-05-26,2026-05-20,华发天汇广场一期,金湾区,珠海市金湾区科工路东侧、金河东路北侧,128,12755.2,19872.8,25597.16,珠海市商品住房销售价格备案公示表（华发天汇广场一期10栋）,珠海市住房和城乡建设局,https://zjj.zhuhai.gov.cn/zjj/hygl/ywgsgg/spfjgbags/content/post_3909237.html
3909236,2026-05-26,2026-05-15,华发天茂半岛花园住宅区一期,金湾区,珠海市金湾区金河东路南侧、金辉路西侧,131,12892.13,19926.4,25642.2,珠海市商品住房销售价格备案公示表（华发天茂半岛花园35号9、11、14...,珠海市住房和城乡建设局,https://zjj.zhuhai.gov.cn/zjj/hygl/ywgsgg/spfjgbags/content/post_3909236.html
3909233,2026-05-26,2026-05-15,华通金融租赁总部大厦,横琴,横琴粤澳深度合作区荣港道271号,24,3127.99,43162.26,69489.84,珠海市商品住房销售价格备案公示表（华通金融租赁总部大厦24套）,珠海市住房和城乡建设局,https://zjj.zhuhai.gov.cn/zjj/hygl/ywgsgg/spfjgbags/content/post_3909233.html
3909227,2026-05-26,2026-05-15,家人乐府,香洲区,珠海市香洲区翠平街133号,14,1372.82,28763.84,36300.41,珠海市商品住房销售价格备案公示表（家人乐府1、4栋14套）,珠海市住房和城乡建设局,https://zjj.zhuhai.gov.cn/zjj/hygl/ywgsgg/spfjgbags/content/post_3909227.html
3909226,2026-05-26,2026-05-20,山水向日豪庭,斗门区,珠海市斗门区井岸镇新伟中街68号,1,107.57,6600.35,8221.4,珠海市商品住房销售价格备案公示表（山水向日豪庭7栋1套）,珠海市住房和城乡建设局,https://zjj.zhuhai.gov.cn/zjj/hygl/ywgsgg/spfjgbags/content/post_3909226.html
3909225,2026-05-26,2026-05-20,双瑞藏珑湾花园,香洲区,珠海市香洲区沿海路188号,16,1806.21,33633.51,43377.41,珠海市商品住房销售价格备案公示表（双瑞藏珑湾花园1、2、3、5、6栋1...,珠海市住房和城乡建设局,https://zjj.zhuhai.gov.cn/zjj/hygl/ywgsgg/spfjgbags/content/post_3909225.html
3909209,2026-05-26,2026-05-20,天澜花园,斗门区,珠海市斗门区秀湖路417号,21,2369.11,13133.79,15949.99,珠海市商品住房销售价格备案公示表（天澜花园3、6、8、12、15栋21...,珠海市住房和城乡建设局,https://zjj.zhuhai.gov.cn/zjj/hygl/ywgsgg/spfjgbags/content/post_3909209.html
3909206,2026-05-26,2026-05-20,誉诚花园,斗门区,珠海市斗门区白蕉镇永福二路128号,19,1659.14,8896.21,11076.64,珠海市商品住房销售价格备案公示表（誉诚花园1、4栋19套）,珠海市住房和城乡建设局,https://zjj.zhuhai.gov.cn/zjj/hygl/ywgsgg/spfjgbags/content/post_3909206.html
3909201,2026-05-26,2026-05-20,誉诚花园,斗门区,珠海市斗门区白蕉镇永福二路128号,44,3838.85,8737.61,10843.73,珠海市商品住房销售价格备案公示表（誉诚花园2、3栋44套）,珠海市住房和城乡建设局,https://zjj.zhuhai.gov.cn/zjj/hygl/ywgsgg/spfjgbags/content/post_3909201.html
3909192,2026-05-26,2026-05-19,中珠领域花苑1-,金湾区,珠海市金湾区红旗镇顺达路318号,22,2218.93,10416.69,13244.65,珠海市商品住房销售价格备案公示表（中珠领域花苑1-4栋22套）,珠海市住房和城乡建设局,https://zjj.zhuhai.gov.cn/zjj/hygl/ywgsgg/spfjgbags/content/post_3909192.html
3909184,2026-05-26,2026-05-15,珠光锦程华园,香洲区,珠海市香洲区南光街13号,7,801.43,23000.2,31992.39,珠海市商品住房销售价格备案公示表（珠光锦程华园1栋7套）,珠海市住房和城乡建设局,https://zjj.zhuhai.gov.cn/zjj/hygl/ywgsgg/spfjgbags/content/post_3909184.html
3907261,2026-05-19,2026-05-11,北站宝龙广场栋,高新区,珠海市高新区北城西一路288号,4,299.66,17930.86,23508.75,珠海市商品住房销售价格备案公示表（北站宝龙广场栋C4栋4套）,珠海市住房和城乡建设局,https://zjj.zhuhai.gov.cn/zjj/hygl/ywgsgg/spfjgbags/content/post_3907261.html
3907258,2026-05-19,2026-05-12,东方威尼城,斗门区,珠海市斗门区湖心路2223号、珠海市斗门区群兴新村南路263号,140,18153.94,9472.31,11766.38,珠海市商品住房销售价格备案公示表（东方威尼城263号1、2、4、6、4...,珠海市住房和城乡建设局,https://zjj.zhuhai.gov.cn/zjj/hygl/ywgsgg/spfjgbags/content/post_3907258.html
3907255,2026-05-19,2026-05-09,海上半岛花园-76号,金湾区,珠海市金湾区青鸾路76号,21,1767.24,16395.28,20744.3,珠海市商品住房销售价格备案公示表（海上半岛花园-76号3、5栋21套）,珠海市住房和城乡建设局,https://zjj.zhuhai.gov.cn/zjj/hygl/ywgsgg/spfjgbags/content/post_3907255.html
3907254,2026-05-19,2026-05-14,华发琴悦湾花园-30#地块,横琴,横琴粤澳深度合作区富民道88号,1,99.46,40904.59,50589.05,珠海市商品住房销售价格备案公示表（华发琴悦湾花园-30#地块1栋1套）,珠海市住房和城乡建设局,https://zjj.zhuhai.gov.cn/zjj/hygl/ywgsgg/spfjgbags/content/post_3907254.html
3907253,2026-05-19,2026-05-14,华发琴悦湾花园（32#地块）,横琴,横琴粤澳深度合作区富琴道188号,2,262.1,41130.43,49980.46,珠海市商品住房销售价格备案公示表（华发琴悦湾花园32#地块1、2栋2套...,珠海市住房和城乡建设局,https://zjj.zhuhai.gov.cn/zjj/hygl/ywgsgg/spfjgbags/content/post_3907253.html
3907251,2026-05-19,2026-05-12,华发水郡花园三期C区三标段-A工程134栋,斗门区,珠海市斗门区井岸镇环郡路289号,1,522.18,21603.11,22333.63,珠海市商品住房销售价格备案公示表（华发水郡花园-环郡路289号134栋...,珠海市住房和城乡建设局,https://zjj.zhuhai.gov.cn/zjj/hygl/ywgsgg/spfjgbags/content/post_3907251.html
3907249,2026-05-19,2026-05-09,玖悦湾府,高新区,珠海市高新区前岛环路1238号,22,2132.81,26360.52,33830.15,珠海市商品住房销售价格备案公示表（玖悦湾府1、2栋22套）,珠海市住房和城乡建设局,https://zjj.zhuhai.gov.cn/zjj/hygl/ywgsgg/spfjgbags/content/post_3907249.html
3907246,2026-05-19,2026-05-09,岭域广场E区域,斗门区,珠海市斗门区白藤街道腾逸路以北、星湖路以东,91,10060.07,13039.75,17187.58,珠海市商品住房销售价格备案公示表（岭域广场E区域8栋91套）,珠海市住房和城乡建设局,https://zjj.zhuhai.gov.cn/zjj/hygl/ywgsgg/spfjgbags/content/post_3907246.html
3907245,2026-05-19,2026-05-12,璞樾花园,斗门区,珠海市斗门区翠湖路469号,20,2872.28,14397.66,17521.07,珠海市商品住房销售价格备案公示表（璞樾花园-翠湖路469号1、5、8栋...,珠海市住房和城乡建设局,https://zjj.zhuhai.gov.cn/zjj/hygl/ywgsgg/spfjgbags/content/post_3907245.html
3907237,2026-05-19,2026-05-14,璞樾花园.地块三,斗门区,珠海市斗门区锦湖路396号,53,5280.52,12783.71,16617.67,珠海市商品住房销售价格备案公示表（璞樾花园-锦湖路396号5-9栋53...,珠海市住房和城乡建设局,https://zjj.zhuhai.gov.cn/zjj/hygl/ywgsgg/spfjgbags/content/post_3907237.html
3907236,2026-05-19,2026-05-12,天恒湾景花园,高新区,珠海市高新区半岛六路63号,1,150.15,27100,33487.49,珠海市商品住房销售价格备案公示表（天恒湾景花园2栋1套）,珠海市住房和城乡建设局,https://zjj.zhuhai.gov.cn/zjj/hygl/ywgsgg/spfjgbags/content/post_3907236.html
3907234,2026-05-19,2026-05-12,天澜花园,斗门区,珠海市斗门区秀湖路417号,68,6145.28,11395.52,14570.73,珠海市商品住房销售价格备案公示表（天澜花园4栋）,珠海市住房和城乡建设局,https://zjj.zhuhai.gov.cn/zjj/hygl/ywgsgg/spfjgbags/content/post_3907234.html
3907233,2026-05-19,2026-05-12,铁建花园（铁建城）一期B地块,金湾区,金湾区农垦路东侧、民垦路北侧（金湾区金飞路285、286号）,14,1714.21,18194.43,24072.7,珠海市商品住房销售价格备案公示表（铁建花园286号1-6栋；285号1...,珠海市住房和城乡建设局,https://zjj.zhuhai.gov.cn/zjj/hygl/ywgsgg/spfjgbags/content/post_3907233.html
3907230,2026-05-19,2026-05-14,五洲花城二期西区,香洲区,珠海市香洲区文园路199号,8,1249.71,51175.55,63892.62,珠海市商品住房销售价格备案公示表（五洲花城二期西区3、5、6、8栋8套...,珠海市住房和城乡建设局,https://zjj.zhuhai.gov.cn/zjj/hygl/ywgsgg/spfjgbags/content/post_3907230.html
3907227,2026-05-19,2026-05-14,五洲家园,斗门区,珠海市斗门区白藤四路88号,4,474.11,17186.37,20482.21,珠海市商品住房销售价格备案公示表（五洲家园20栋4套）,珠海市住房和城乡建设局,https://zjj.zhuhai.gov.cn/zjj/hygl/ywgsgg/spfjgbags/content/post_3907227.html
3907223,2026-05-19,2026-05-14,星河湖山春晓花园,斗门区,珠海市斗门区乾糖路593号,13,1311.11,9184.04,11144.7,珠海市商品住房销售价格备案公示表（星河湖山春晓花园-593号2、4、9...,珠海市住房和城乡建设局,https://zjj.zhuhai.gov.cn/zjj/hygl/ywgsgg/spfjgbags/content/post_3907223.html
3907221,2026-05-19,2026-05-09,兴格芳邻花园,金湾区,珠海市金湾区金城路666号,1,121.75,19908.9,26043.92,珠海市商品住房销售价格备案公示表（兴格芳邻花园1栋1套）,珠海市住房和城乡建设局,https://zjj.zhuhai.gov.cn/zjj/hygl/ywgsgg/spfjgbags/content/post_3907221.html
3907220,2026-05-19,2026-05-11,颐景山庄1-3、5-,香洲区,珠海市香洲区园明路268号,12,6919.74,24131.62,24819.57,珠海市商品住房销售价格备案公示表（颐景山庄1-3、5-7栋12套）,珠海市住房和城乡建设局,https://zjj.zhuhai.gov.cn/zjj/hygl/ywgsgg/spfjgbags/content/post_3907220.html
3907219,2026-05-19,2026-05-12,印象香山花园,香洲区,珠海市香洲区心华路388号,21,2184.89,34347.74,43446.27,珠海市商品住房销售价格备案公示表（印象香山花园1、2、3栋21套）,珠海市住房和城乡建设局,https://zjj.zhuhai.gov.cn/zjj/hygl/ywgsgg/spfjgbags/content/post_3907219.html
3907214,2026-05-19,2026-05-11,粤海拾桂府(F区域),金湾区,珠海市金湾区泰熙街39号,26,2302.17,18117.79,23041.15,珠海市商品住房销售价格备案公示表（粤海拾桂苑F区3、4栋；C1、2、4...,珠海市住房和城乡建设局,https://zjj.zhuhai.gov.cn/zjj/hygl/ywgsgg/spfjgbags/content/post_3907214.html
3904424,2026-05-13,2026-04-29,北站宝龙广场栋,高新区,珠海市高新区北城西一路288号、金业北路68号,2,166.92,17907.52,23438.59,珠海市商品住房销售价格备案公示表（北站宝龙广场栋C1栋；B1栋2套）,珠海市住房和城乡建设局,https://zjj.zhuhai.gov.cn/zjj/hygl/ywgsgg/spfjgbags/content/post_3904424.html
3904416,2026-05-13,2026-05-09,广银畔山林语花园,斗门区,珠海市斗门区井岸镇盈湾路68号,2,177.24,9799.71,12383.43,珠海市商品住房销售价格备案公示表（广银畔山林语花园1栋2套）,珠海市住房和城乡建设局,https://zjj.zhuhai.gov.cn/zjj/hygl/ywgsgg/spfjgbags/content/post_3904416.html
3904415,2026-05-13,2026-05-09,广银畔山林语花园,斗门区,珠海市斗门区井岸镇盈湾路68号,125,11866.49,11270.1,14171.31,珠海市商品住房销售价格备案公示表（广银畔山林语花园2栋）,珠海市住房和城乡建设局,https://zjj.zhuhai.gov.cn/zjj/hygl/ywgsgg/spfjgbags/content/post_3904415.html
3904414,2026-05-13,2026-05-09,红树东岸花园,其他,留诗路西、港湾北路南侧,44,4497.49,19767.6,24808.26,珠海市商品住房销售价格备案公示表（红树东岸花园28、29、30、176...,珠海市住房和城乡建设局,https://zjj.zhuhai.gov.cn/zjj/hygl/ywgsgg/spfjgbags/content/post_3904414.html
3904411,2026-05-13,2026-04-29,华发水郡花园,斗门区,珠海市斗门区井岸镇环郡路289号,1,464.63,13586.54,13916.92,珠海市商品住房销售价格备案公示表（华发水郡花园-环郡路289号169栋...,珠海市住房和城乡建设局,https://zjj.zhuhai.gov.cn/zjj/hygl/ywgsgg/spfjgbags/content/post_3904411.html
3904410,2026-05-13,2026-04-29,家和湾花园,斗门区,珠海市斗门区藤达一路218号,36,3436.78,15630.1,20946.87,珠海市商品住房销售价格备案公示表（家和湾花园9、10、11栋36套）,珠海市住房和城乡建设局,https://zjj.zhuhai.gov.cn/zjj/hygl/ywgsgg/spfjgbags/content/post_3904410.html
3904321,2026-05-13,2026-04-28,金湾宝龙广场-一期E区,金湾区,珠海市金湾区平湖路168号,2,202.14,12000,15548.23,珠海市商品住房销售价格备案公示表（金湾宝龙广场-一期E区1、4栋2套）,珠海市住房和城乡建设局,https://zjj.zhuhai.gov.cn/zjj/hygl/ywgsgg/spfjgbags/content/post_3904321.html
3904318,2026-05-13,2026-04-29,绿景玺悦湾花园北区,香洲区,珠海市香洲区悦湾路66号,1,188.65,36599.74,46896.29,珠海市商品住房销售价格备案公示表（绿景玺悦湾花园北区6栋1套）,珠海市住房和城乡建设局,https://zjj.zhuhai.gov.cn/zjj/hygl/ywgsgg/spfjgbags/content/post_3904318.html
3904317,2026-05-13,2026-04-28,名苑雅居,香洲区,香湖路东侧、香榭路北侧（香洲区香榭路128号）,186,21036.16,42191.04,54376.22,珠海市商品住房销售价格备案公示表（名苑雅居4、5栋）,珠海市住房和城乡建设局,https://zjj.zhuhai.gov.cn/zjj/hygl/ywgsgg/spfjgbags/content/post_3904317.html
3904316,2026-05-13,2026-05-09,明溪花园,香洲区,三溪G105国道北侧、沥西路东侧（香洲区创源路668号）,13,1206.73,23022.07,28570.84,珠海市商品住房销售价格备案公示表（明溪花园4、5栋13套）,珠海市住房和城乡建设局,https://zjj.zhuhai.gov.cn/zjj/hygl/ywgsgg/spfjgbags/content/post_3904316.html
3904313,2026-05-13,2026-05-08,西湖湿地国际-88号,金湾区,珠海市金湾区秀峰街88号,1,336.99,33890.23,35246.8,珠海市商品住房销售价格备案公示表（西湖湿地国际-88号57栋1套）,珠海市住房和城乡建设局,https://zjj.zhuhai.gov.cn/zjj/hygl/ywgsgg/spfjgbags/content/post_3904313.html
3904312,2026-05-13,2026-04-30,西湖湿地国际花园项目二期3-04地块A区,金湾区,珠海市金湾区三灶镇岭峰路78号,2,308.28,20679.46,25970.84,珠海市商品住房销售价格备案公示表（西湖湿地国际花园-78号1、10栋2...,珠海市住房和城乡建设局,https://zjj.zhuhai.gov.cn/zjj/hygl/ywgsgg/spfjgbags/content/post_3904312.html
3904311,2026-05-13,2026-04-30,西湖湿地国际花园项目二期4-05、4-06合并地块A区,金湾区,珠海市金湾区岭峰路81号,4,426.1,20195.39,25330.43,珠海市商品住房销售价格备案公示表（西湖湿地国际花园-81号1、11栋4...,珠海市住房和城乡建设局,https://zjj.zhuhai.gov.cn/zjj/hygl/ywgsgg/spfjgbags/content/post_3904311.html
3904307,2026-05-13,2026-04-22,兴格芳邻花园,金湾区,珠海市金湾区金城路666号,51,4808.29,19138.71,24882.44,珠海市商品住房销售价格备案公示表（兴格芳邻花园5栋）,珠海市住房和城乡建设局,https://zjj.zhuhai.gov.cn/zjj/hygl/ywgsgg/spfjgbags/content/post_3904307.html
3904305,2026-05-13,2026-05-08,云玺花园,高新区,珠海市高新区荟湾路66号,27,3572.47,22202.26,28078.27,珠海市商品住房销售价格备案公示表（云玺花园6、9栋27套）,珠海市住房和城乡建设局,https://zjj.zhuhai.gov.cn/zjj/hygl/ywgsgg/spfjgbags/content/post_3904305.html
3904304,2026-05-13,2026-05-09,中铁建湖心花园,斗门区,斗门区湖心路以西、腾逸路南侧,1,92.45,9411.77,11715.61,珠海市商品住房销售价格备案公示表（中铁建湖心花园6栋1套）,珠海市住房和城乡建设局,https://zjj.zhuhai.gov.cn/zjj/hygl/ywgsgg/spfjgbags/content/post_3904304.html
3904302,2026-05-13,2026-04-28,忠信海畔湾居,金湾区,珠海市金湾区三灶镇金岛路1399号,2,194.4,13170.5,17633.23,珠海市商品住房销售价格备案公示表（忠信海畔湾居4栋2套）,珠海市住房和城乡建设局,https://zjj.zhuhai.gov.cn/zjj/hygl/ywgsgg/spfjgbags/content/post_3904302.html
3904288,2026-05-13,,洲际豪庭三期,其他,平沙镇美平东路2233号,2,185.79,8045.96,9892.52,珠海市商品住房销售价格备案公示表（洲际豪庭三期13栋1套）,珠海市住房和城乡建设局,https://zjj.zhuhai.gov.cn/zjj/hygl/ywgsgg/spfjgbags/content/post_3904288.html
3901166,2026-04-29,2026-04-23,城市溪谷花园,香洲区,珠海市香洲区神前路536号,14,1577.68,30975.44,37443.46,珠海市商品住房销售价格备案公示表（城市溪谷花园3栋14套）,珠海市住房和城乡建设局,https://zjj.zhuhai.gov.cn/zjj/hygl/ywgsgg/spfjgbags/content/post_3901166.html
3901165,2026-04-29,2026-04-22,东方润园,金湾区,珠海市金湾区红旗镇虹晖一路39号,309,36648.65,10707.46,13157.2,珠海市商品住房销售价格备案公示表（东方润园9-12、15、16、18栋...,珠海市住房和城乡建设局,https://zjj.zhuhai.gov.cn/zjj/hygl/ywgsgg/spfjgbags/content/post_3901165.html
3901163,2026-04-29,2026-04-27,东方润园,金湾区,珠海市金湾区红旗镇虹晖一路39号,124,13769.77,10651.78,13404.91,珠海市商品住房销售价格备案公示表（东方润园14、17栋124套）,珠海市住房和城乡建设局,https://zjj.zhuhai.gov.cn/zjj/hygl/ywgsgg/spfjgbags/content/post_3901163.html
3901162,2026-04-29,2026-04-23,华发十字门国际花园A1地块,香洲区,珠海市香洲区景秀二路388号(A1地块),20,2544.97,23810.44,30585.62,珠海市商品住房销售价格备案公示表（华发十字门国际花园A1区1、2、4栋...,珠海市住房和城乡建设局,https://zjj.zhuhai.gov.cn/zjj/hygl/ywgsgg/spfjgbags/content/post_3901162.html
3901161,2026-04-29,2026-04-20,华发天汇广场一期,金湾区,珠海市金湾区泰熙街368号,36,4312.08,24091.14,29850.39,珠海市商品住房销售价格备案公示表（华发天汇广场一期13、14栋）,珠海市住房和城乡建设局,https://zjj.zhuhai.gov.cn/zjj/hygl/ywgsgg/spfjgbags/content/post_3901161.html
3901159,2026-04-29,2026-04-20,华发香山湖畔苑,香洲区,珠海市香洲区劳动路99号,10,1432.12,41287.61,54925.37,珠海市商品住房销售价格备案公示表（华发香山湖畔苑1、2栋10套）,珠海市住房和城乡建设局,https://zjj.zhuhai.gov.cn/zjj/hygl/ywgsgg/spfjgbags/content/post_3901159.html
3901158,2026-04-29,2026-04-22,家人悦园,香洲区,珠海市香洲区翠珠四街289号,1,78.89,25478.63,32216.85,珠海市商品住房销售价格备案公示表（家人悦园1栋1套）,珠海市住房和城乡建设局,https://zjj.zhuhai.gov.cn/zjj/hygl/ywgsgg/spfjgbags/content/post_3901158.html
